adr_inter,adresse,adrzus_int,behindertenparkplatz,bemerkung,ccmail,da,datum,datum_cms,dep,editor,erforderlichedokumente,fax,hausnummer,hindernisfreiheit,infrastruktur,isbetriebsferien_gebaeude,isbetriebsferien_schalter,kategorie,mail,name,namenzus,objectid,oeffnungszeiten_gebaeude_di,oeffnungszeiten_gebaeude_do,oeffnungszeiten_gebaeude_fr,oeffnungszeiten_gebaeude_mi,oeffnungszeiten_gebaeude_mo,oeffnungszeiten_gebaeude_sa,oeffnungszeiten_gebaeude_so,oeffnungszeiten_schalter_di,oeffnungszeiten_schalter_do,oeffnungszeiten_schalter_fr,oeffnungszeiten_schalter_mi,oeffnungszeiten_schalter_mo,oeffnungszeiten_schalter_sa,oeffnungszeiten_schalter_so,ort,plz,poi_id,postadresse,publish_internet,strasse,suchen,tel,tel2,www,zahlungsmittel_internet,zahlungsmittel_schalter,zahlungsmittel_telefon,zvv_label,zvv_link,typ,kreis,standort,oeffnungsz,gebuehren,kommentar,geometry,latitude,longitude
,Neumünsterstrasse 16,,,,,Umwelt- und Gesundheitsschutz,202001101126,,Gesundheits- und Umweltdepartement (GUD),ugzgfa,,,16,0_,";Geöffnet 24h. Behinderten-WC ohne Eurokey von 06.00-22.00 Uhr._Behinderten-WC (Fr. 1.-- oder Eurokey), Multifunktions-WC (gratis)_Wickeltisch_",1,0,WC (rollstuhlgängig),ugz-zueriwc@zuerich.ch,Neumünster (Rollstuhlgängig mit Eurokey),,5918,n.a.,n.a.,n.a.,n.a.,n.a.,n.a.,n.a.,n.a.,n.a.,n.a.,n.a.,n.a.,n.a.,n.a.,Zürich,8008,wcr4103,,1,Neumünsterstrasse,"Toilette, Toiletten",+41 44 412 43 65,,https://www.stadt-zuerich.ch/gud/de/index/gesundheitsschutz/zueriwc.html,NULL;NULL;,NULL;NULL;,NULL;NULL;,Neumünsterstrasse 16,https://online.fahrplan.zvv.ch/bin/query.exe/dn?L=vs_vbz&mobileframe&Z=Z%C3%BCrich%2C Neum%C3%BCnsterstrasse 16,,8,Im Neumünsterpark unterhalb der Kirche,Geöffnet 24h. Behinderten-WC ohne Eurokey von 06.00-22.00 Uhr.,"Behinderten-WC (Fr. 1.-- oder Eurokey), Multifunktions-WC (gratis)","Multifunktions- und Behinderten WC, Wickeltisch. Das Behinderten-WC kann nur ohne Rampe betreten werden.",POINT Z (2684619 1246160 0),47.360835,8.5588054
,Püntstrasse 11,,,,,Umwelt- und Gesundheitsschutz,202001101126,,Gesundheits- und Umweltdepartement (GUD),ugzsta,,,11,1_,;Geöffnet 24h. Behinderten-WC Mit Eurokey 24h oder Fr. 1.--,1,0,WC (rollstuhlgängig),ugz-zueriwc@zurich.ch,Albisrieden Pünt(rollstuhlgängig mit EuroKey),,5934,n.a.,n.a.,n.a.,n.a.,n.a.,n.a.,n.a.,n.a.,n.a.,n.a.,n.a.,n.a.,n.a.,n.a.,Zürich,8047,wcr5199,,1,Püntstrasse,"Toilette, Toiletten",+41 44 412 43 65,,https://www.stadt-zuerich.ch/gud/de/index/gesundheitsschutz/zueriwc.html,NULL;NULL;,NULL;NULL;,NULL;NULL;,Püntstrasse 11,https://online.fahrplan.zvv.ch/bin/query.exe/dn?L=vs_vbz&mobileframe&Z=Z%C3%BCrich%2C P%C3%BCntstrasse 11,nicht rollstuhlgängig,9,"Püntstrasse 11, Endstation Tram 3 Albisrieden","Multifunktions-WC 24 h, Behinderten-WC mit Eurokey 24h, mit Gebühr Fr. 1.-- 06.00-22.00 Uhr","Behinderten-WC Fr. 1.-- oder Eurokey, Multifunktions-WC gratis","1 Multifunktions-WC, 1 Behinderten-WC, Wickeltisch. Mit dem umgebauten ZüriWC verfügt das Zentrum von Albisrieden über eine zeitgemässe, behindertengerechte WC-Anlage.",POINT Z (2679001 1247590 0),47.3744255,8.4846897
,Uetlibergstrasse 70,,,,,Umwelt- und Gesundheitsschutz,202001101126,,Gesundheits- und Umweltdepartement (GUD),ugzgfa,,,70,1_Behinderten-WC mit Eurokey oder Gebühr Fr. 1.--,"Behinderten-WC;Geöffnet 24h. Behinderten-WC ohne Eurokey von 06.00-22.00 Uhr._Behinderten-WC (Fr. 1.-- oder Eurokey), Multifunktions-WC (gratis)_",1,0,WC (rollstuhlgängig),ugz-zueriwc@zuerich.ch,Binz (Rollstuhlgängig mit Eurokey),,5963,n.a.,n.a.,n.a.,n.a.,n.a.,n.a.,n.a.,n.a.,n.a.,n.a.,n.a.,n.a.,n.a.,n.a.,Zürich,8045,wcr4102,,1,Uetlibergstrasse,"Toilette, Toiletten",+41 44 412 43 65,,hhttps://www.stadt-zuerich.ch/gud/de/index/gesundheitsschutz/zueriwc.html,NULL;NULL;,NULL;NULL;,NULL;NULL;,Uetlibergstrasse 70,https://online.fahrplan.zvv.ch/bin/query.exe/dn?L=vs_vbz&mobileframe&Z=Z%C3%BCrich%2C Uetlibergstrasse 70,,3,"Uetlibergstrasse 70, Uetlibergbahn-Haltestelle Binz","MF WC 24h, Behinderten-WC mit Eurokey 24h, mit Gebühr Fr. 1.-- 06.00-22.00 Uhr","Behinderten-WC (Fr. 1.-- oder Eurokey), Multifunktions-WC (gratis)",Multifunktions- und Behinderten WC. Bei Eurokey-Betätigung erleichtert ein Elektroantrieb den Zugang.,POINT Z (2681587 1246317 0),47.362671,8.5185964
,Stadthausquai 18,,,,,Umwelt- und Gesundheitsschutz,202001101126,,Gesundheits- und Umweltdepartement (GUD),ugzgfa,,,18,1_Behinderten-WC mit Eurokey oder Fr. 1.--,Behinderten-WC;NULL,1,0,WC (rollstuhlgängig),ugz-zueriwc@zuerich.ch,Münsterhof - Stadthausquai,,7055,n.a.,n.a.,n.a.,n.a.,n.a.,n.a.,n.a.,n.a.,n.a.,n.a.,n.a.,n.a.,n.a.,n.a.,Zürich,8001,wcr5226,,1,Stadthausquai,"Toilette, Toiletten",+41 44 412 43 65,,https://www.stadt-zuerich.ch/gud/de/index/gesundheitsschutz/zueriwc.html,NULL;NULL;,NULL;NULL;,NULL;NULL;,Stadthausquai 18,https://online.fahrplan.zvv.ch/bin/query.exe/dn?L=vs_vbz&mobileframe&Z=Z%C3%BCrich%2C Stadthausquai 18,,1,Stadthausquai 18/ Am Limmatufer,24h,Fr. 1.-- oder Eurokey,"Selbstreinigender WC Automat für Damen und Herren. Rollstuhlgängig mit automatischer Türe, Wickeltisch.",POINT Z (2683333 1247048 0),47.3689998,8.5419339
,Bellevueplatz 2,,,,,Umwelt- und Gesundheitsschutz,202001101126,,Gesundheits- und Umweltdepartement (GUD),ugzsta,,,2,1_Behinderten WC mit Eurokey oder Gebühr Fr. 1.--.,Behinderten-WC;Anlage mit Personal._Geöffnet 06.30-20.45 Winter / 06.30-21.45 Sommer_Behinderten-WC 24 h zugänglich._Gebühr. Fr. 1.-- oder Eurokey.,1,0,WC (rollstuhlgängig),ugz-zueriwc@zuerich.ch,Bellevue (rollstuhlgängig mit EuroKey),,7083,n.a.,n.a.,n.a.,n.a.,n.a.,n.a.,n.a.,n.a.,n.a.,n.a.,n.a.,n.a.,n.a.,n.a.,Zürich,8001,wcr003,,1,Bellevueplatz,"Toilette, Toiletten",+41 44 412 43 65,+41 44 252 06 32,https://www.stadt-zuerich.ch/gud/de/index/gesundheitsschutz/zueriwc.html,NULL;NULL;,NULL;NULL;,NULL;NULL;,Bellevueplatz 2,https://online.fahrplan.zvv.ch/bin/query.exe/dn?L=vs_vbz&mobileframe&Z=Zürich%2C%20Bellevueplatz%202,,1,Bellevueplatz 2 / Im Tramwartehäuschen seeseitig,6.30 bis 21.45 Uhr. November bis März bis 20.45 Uhr. Bei Veranstaltungen auch länger. Behinderten-WC (aussen) 24 h,Gebühr Fr. 1.-- oder Eurokey,"Bediente Anlage, Behinderten-WC , Wickeltisch im Behinderten-WC. Unser Personal ist während der Öffnungszeiten vor Ort und sorgt für Sauberkeit und Sicherheit.",POINT Z (2683577 1246810 0),47.3668208,8.5450743
,Klosbachstrasse 19,,,,,Umwelt- und Gesundheitsschutz,202001101126,,Gesundheits- und Umweltdepartement (GUD),ugzgfa,,,19,0_,";Geöffnet 24h._Behinderten-WC (Fr. 1.-- oder Eurokey), Multifunktions-WC (gratis)_Zufahrt Rollstuhl wegen Kiesfläche erschwert._",1,0,WC (rollstuhlgängig),ugz-zueriwc@zuerich.ch,Artergut (rollstuhlgängig mit Eurokey),,7116,n.a.,n.a.,n.a.,n.a.,n.a.,n.a.,n.a.,n.a.,n.a.,n.a.,n.a.,n.a.,n.a.,n.a.,Zürich,8032,wcr056,,1,Klosbachstrasse,"Toilette, Toiletten",+41 44 412 43 65,,https://www.stadt-zuerich.ch/gud/de/index/gesundheitsschutz/zueriwc.html,NULL;NULL;,NULL;NULL;,NULL;NULL;,Klosbachstrasse 19,https://online.fahrplan.zvv.ch/bin/query.exe/dn?L=vs_vbz&mobileframe&Z=Z%C3%BCrich%2C Klosbachstrasse 19,,7,"Klosbachstr. 19, im Park",24 h.,"Behinderten-WC (Fr. 1.-- oder Eurokey), Multifunktions-WC (gratis)","Multifunktions- und Behinderten WC, Wickeltisch. Die Kiesfläche erschwert die Zufahrt mit dem Rollstuhl.",POINT Z (2684311 1246714 0),47.36575143148809,8.555586277673163
,Gfellstrasse 20,,,,,Umwelt- und Gesundheitsschutz,202001101126,,Gesundheits- und Umweltdepartement (GUD),ugzgfa,,,20,0_,;Geöffnet 365 Tage nur während Öffnungszeiten Kiosk._Gebührenfrei._Behinderten-Kabine im Damen-WC._Schlüssel beim Kiosk verlangen.,1,0,WC (rollstuhlgängig),ugz-zueriwc@zuerich.ch,Allmend Wollishofen  (rollstuhlgängig ohne Eurokey),,7173,n.a.,n.a.,n.a.,n.a.,n.a.,n.a.,n.a.,n.a.,n.a.,n.a.,n.a.,n.a.,n.a.,n.a.,Zürich,8002,wcr014,,1,Gfellstrasse,"Toilette, Toiletten",+41 44 412 43 65,,https://www.stadt-zuerich.ch/gud/de/index/gesundheitsschutz/zueriwc.html,NULL;NULL;,NULL;NULL;,NULL;NULL;,Gfellstrasse 20,https://online.fahrplan.zvv.ch/bin/query.exe/dn?L=vs_vbz&mobileframe&Z=Z%C3%BCrich%2C Gfellstrasse 20,,2,Gfellstrasse 20,"Ganzjährig, während den Öffnungszeiten des Kiosks.",Gebührenfrei,"Damen- und Herren-WC, Pissoir. Eine rollstuhlgängige Kabine bei den Frauen. Wickeltisch. Das WC ist während der Öffnungszeiten des Kiosks geöffnet. ",POINT Z (2681561 1244953 0),47.3504245,8.5180757
,Goldbrunnenplatz 3,,,,,Umwelt- und Gesundheitsschutz,202001101126,,Gesundheits- und Umweltdepartement (GUD),ugzgfa,,,3,0_,";Geöffnet 24h. Behinderten-WC ohne Eurokey von 06.00-22.00 Uhr._Behinderten-WC (Fr. 1.-- oder Eurokey), Multifunktions-WC (gratis)_",1,0,WC (rollstuhlgängig),ugz-zueriwc@zuerich.ch,Goldbrunnenplatz (rollstuhlgängig mit EuroKey),,7189,n.a.,n.a.,n.a.,n.a.,n.a.,n.a.,n.a.,n.a.,n.a.,n.a.,n.a.,n.a.,n.a.,n.a.,Zürich,8003,wcr028,,1,Goldbrunnenplatz,"Toilette, Toiletten",+41 44 412 43 65,,https://www.stadt-zuerich.ch/gud/de/index/gesundheitsschutz/zueriwc.html,NULL;NULL;,NULL;NULL;,NULL;NULL;,Goldbrunnenplatz 3,https://online.fahrplan.zvv.ch/bin/query.exe/dn?L=vs_vbz&mobileframe&Z=Z%C3%BCrich%2C Goldbrunnenplatz 3,,3,Goldbrunnenplatz/ 3 Birmensdorferstrasse beim Take-Away,Geöffnet 24h. Behinderten-WC ohne Eurokey von 06.00-22.00 Uhr.,"Behinderten-WC Fr. 1.-- oder Eurokey, Multifunktions-WC gratis",Multifunktions- und Behinderten WC.,POINT Z (2681199 1247135 0),47.37023918400373,8.513335730533948
,Bachstrasse 10,,,,,Umwelt- und Gesundheitsschutz,202001101126,,Gesundheits- und Umweltdepartement (GUD),ugzsta,,,10,0_,";Geöffnet 24h._Behinderten-WC (Fr. 1.-- oder Eurokey), Multifunktions-WC (gratis)_",1,0,WC (rollstuhlgängig),ugz-zueriwc@zuerich.ch,Bachstrasse (rollstuhlgängig mit EuroKey),,7212,n.a.,n.a.,n.a.,n.a.,n.a.,n.a.,n.a.,n.a.,n.a.,n.a.,n.a.,n.a.,n.a.,n.a.,Zürich,8002,wcr015,,1,Bachstrasse,"Toilette, Toiletten",+41 44 412 43 65,,https://www.stadt-zuerich.ch/gud/de/index/gesundheitsschutz/zueriwc.html,NULL;NULL;,NULL;NULL;,NULL;NULL;,Bachstrasse 10,https://online.fahrplan.zvv.ch/bin/query.exe/dn?L=vs_vbz&mobileframe&Z=Zürich%2C%20Bachstrasse%2010,,2,Bachstrasse 10 / vis à vis vom GZ Wollishofen,24 h,"Behinderten-WC (Fr. 1.-- oder Eurokey), Multifunktions-WC (gratis)",2 Multifunktions- und ein Behinderten-WC. Bei schönem Wetter stark frequentiert.,POINT Z (2682877 1244422 0),47.6324629,8.7977439
,Bürkliplatz 12,,2,,,Umwelt- und Gesundheitsschutz,202001101126,,Gesundheits- und Umweltdepartement (GUD),ugzsta,,,12,0_,;Geöffnet 24h. Gebührenfrei._Behinderten-WC nur mit Eurokey. Der Schlüssel kann beim Kiosk verlangt werden.,1,0,WC (rollstuhlgängig),ugz-zueriwc@zuerich.ch,Bürklisteg (rollstuhlgängig mit EuroKey),,7221,n.a.,n.a.,n.a.,n.a.,n.a.,n.a.,n.a.,n.a.,n.a.,n.a.,n.a.,n.a.,n.a.,n.a.,Zürich,8001,wcr006,,1,Bürkliplatz,"Toilette, Toiletten",+41 44 412 43 65,,https://www.stadt-zuerich.ch/gud/de/index/gesundheitsschutz/zueriwc.html,NULL;NULL;,NULL;NULL;,NULL;NULL;,Bürkliplatz 12,https://online.fahrplan.zvv.ch/bin/query.exe/dn?L=vs_vbz&mobileframe&Z=Zürich%2C%20Bürkliplatz%2012,,1,Bürkliplatz 12 / Beim Kiosk ZSG-Schiffahrtsgesellschaft,24 h,Gebührenfrei,"Damen- und Herren-WC, Pissoir, Behinderten-WC mit Eurokey. Der Schlüssel kann beim Kiosk verlangt werden. Bei schönem Wetter sehr stark frequentierte Anlage.",POINT Z (2683225 1246713 0),47.36596012656085,8.540481082388412
,Heimplatz 6,,,,,Umwelt- und Gesundheitsschutz,202001101126,,Gesundheits- und Umweltdepartement (GUD),ugzgfa,,,6,0_,";Geöffnet 24h. Behinderten-WC ohne Eurokey von 06.00-22.00 Uhr._Behinderten-WC (Fr. 1.-- oder Eurokey), Multifunktions-WC (gratis)_Wickeltisch",1,0,WC (rollstuhlgängig),ugz-zueriwc@zuerich.ch,Heimplatz (rollstuhlgängig mit EuroKey),,7253,n.a.,n.a.,n.a.,n.a.,n.a.,n.a.,n.a.,n.a.,n.a.,n.a.,n.a.,n.a.,n.a.,n.a.,Zürich,8001,wcr009,,1,Heimplatz,"Toilette, Toiletten",+41 44 412 43 65,,https://www.stadt-zuerich.ch/gud/de/index/gesundheitsschutz/zueriwc.html,NULL;NULL;,NULL;NULL;,NULL;NULL;,Heimplatz 6,https://online.fahrplan.zvv.ch/bin/query.exe/dn?L=vs_vbz&mobileframe&Z=Z%C3%BCrich%2C Heimplatz 6,,1,Heimplatz,"MF-WC 24 h, Behinderten-WC mit Eurokey 24h, mit Gebühr Fr. 1.-- 06.00-22.00 Uhr","Behinderten-WC Fr. 1.-- oder Eurokey, Damen- und Herren-WC gratis",Multifunktions- und Behinderten WC.,POINT Z (2683854 1247215 0),47.3704483,8.5488504
,Bachwiesenstrasse 40,,,,,Umwelt- und Gesundheitsschutz,202001101126,,Gesundheits- und Umweltdepartement (GUD),ugzgfa,,,40,0_,";Geöffnet 24h,_Behinderten-WC Fr. 1.-- oder Eurokey, Damen- und Herren-WC gratis_Wickeltisch_",1,0,WC (rollstuhlgängig),ugz-zueriwc@zuerich.ch,Bachwiesen (rollstuhlgängig mit Eurokey),,7292,n.a.,n.a.,n.a.,n.a.,n.a.,n.a.,n.a.,n.a.,n.a.,n.a.,n.a.,n.a.,n.a.,n.a.,Zürich,8047,wcr2895,,1,Bachwiesenstrasse,"Toilette, Toiletten",+41 44 412 43 65,,https://www.stadt-zuerich.ch/gud/de/index/gesundheitsschutz/zueriwc.html,NULL;NULL;,NULL;NULL;,NULL;NULL;,Bachwiesenstrasse 40,https://online.fahrplan.zvv.ch/bin/query.exe/dn?L=vs_vbz&mobileframe&Z=Z%C3%BCrich%2C Bachwiesenstrasse 40,,9,"Gemeinschaftszentrum Bachwiesen, Bachwiesenstrasse 40","MF-WC 24 h, Behinderten-WC mit Eurokey 24h, mit Gebühr Fr. 1.-- 06.00-22.00 Uhr","Behinderten-WC (Fr. 1.-- oder Eurokey), Multifunktions-WC (gratis)",Multifunktions- und Behinderten WC.,POINT Z (2679103 1248206 0),47.3800428,8.4861121
,Bucheggstrasse 93,,,,,Umwelt- und Gesundheitsschutz,202001101126,,Gesundheits- und Umweltdepartement (GUD),ugzgfa,,,93,0_,";Gemeinschaftszentrum Buchegg._Geöffnet 24h. Behinderten-WC ohne Eurokey von 06.00-22.00 Uhr._Behinderten-WC (Fr. 1.-- oder Eurokey), Multifunktions-WC (gratis)_",1,0,WC (rollstuhlgängig),ugz-zueriwc@zuerich.ch,Buchegg GZ (rollstuhlgängig mit Eurokey),,7293,n.a.,n.a.,n.a.,n.a.,n.a.,n.a.,n.a.,n.a.,n.a.,n.a.,n.a.,n.a.,n.a.,n.a.,Zürich,8057,wcr2896,,1,Bucheggstrasse,"Toilette, Toiletten",+41 44 412 43 65,,https://www.stadt-zuerich.ch/gud/de/index/gesundheitsschutz/zueriwc.html,NULL;NULL;,NULL;NULL;,NULL;NULL;,Bucheggstrasse 93,https://online.fahrplan.zvv.ch/bin/query.exe/dn?L=vs_vbz&mobileframe&Z=Z%C3%BCrich%2C Bucheggstrasse 93,,6,"Gemeinschaftszentrum Buchegg, Bucheggplatz","MF-WC 24 h, Behinderten-WC mit Eurokey 24h, mit Gebühr Fr. 1.-- 06.00-22.00 Uhr","Behinderten-WC Fr. 1.-- oder Eurokey, Damen- und Herren-WC gratis","Multifunktions- und Behinderten WC. Das GZ wurde 2013 umgebaut. Das neue WC steht nebst den WCs im GZ zur Verfügung, wenn dieses geschlossen ist.",POINT Z (2682770 1250369 0),47.3990019,8.5350515
,Albisstrasse 105,,,,,Umwelt- und Gesundheitsschutz,202001101126,,Gesundheits- und Umweltdepartement (GUD),ugzgfa,,,105,0_,;Geöffnet 24h._Behinderten- (Fr. 1.-- oder Eurokey) und Multifunktions-WC (gratis),1,0,WC (rollstuhlgängig),ugz-zueriwc@zuerich.ch,Albisstrasse (rollstuhlgängig mit EuroKey),,7358,n.a.,n.a.,n.a.,n.a.,n.a.,n.a.,n.a.,n.a.,n.a.,n.a.,n.a.,n.a.,n.a.,n.a.,Zürich,8002,wcr023,,1,Albisstrasse,"Toilette, Toiletten",+41 44 412 43 65,,https://www.stadt-zuerich.ch/gud/de/index/gesundheitsschutz/zueriwc.html,NULL;NULL;,NULL;NULL;,NULL;NULL;,Albisstrasse 105,https://online.fahrplan.zvv.ch/bin/query.exe/dn?L=vs_vbz&mobileframe&Z=Z%C3%BCrich%2C Albisstrasse 105,,2,Albisstrasse 105 / Endstation Wollishofen der VBZ Linie 7,24 h,"Behinderten-WC (Fr. 1.-- oder Eurokey), Multifunktions-WC (gratis)",Multifunktions- und Behindeten WC.,POINT Z (2682499 1243616 0),47.3382236,8.5303938
,Uetlibergstrasse 343,,0,,,Umwelt- und Gesundheitsschutz,202001101126,,Gesundheits- und Umweltdepartement (GUD),ugzgfa,,,343,0_,";Geöffnet 24h. Behinderten-WC ohne Eurokey von 06.00-22.00 Uhr._Behinderten-WC (Fr. 1.-- oder Eurokey), Multifunktions-WC (gratis)_",1,0,WC (rollstuhlgängig),ugz-zueriwc@zuerich.ch,Albisgütli (WC rollstuhlgängig mit EuroKey),,7359,n.a.,n.a.,n.a.,n.a.,n.a.,n.a.,n.a.,n.a.,n.a.,n.a.,n.a.,n.a.,n.a.,n.a.,Zürich,8045,wcr025,,1,Uetlibergstrasse,"Toilette, Toiletten",+41 44 412 43 65,,https://www.stadt-zuerich.ch/gud/de/index/gesundheitsschutz/zueriwc.html,NULL;NULL;,NULL;NULL;,NULL;NULL;,Uetlibergstrasse 343,https://online.fahrplan.zvv.ch/bin/query.exe/dn?L=vs_vbz&mobileframe&Z=Z%C3%BCrich%2C Uetlibergstrasse 343,,3,Uetlibergstrasse 343 / Endstation VBZ-Züri Linie 13.,"MF-WC 24 h, Behinderten-WC mit Eurokey 24h, mit Gebühr Fr. 1.-- 06.00-22.00 Uhr","Behinderten-WC Fr. 1.-- oder Eurokey, Multifunktions-WC gratis",Multifunktions- und Behinderten WC. Das Behinderten-WC ist schwellenfrei zugänglich.,POINT Z (2680731 1245145 0),47.3521713,8.5071629
,Zypressenstrasse 36,,,,,Umwelt- und Gesundheitsschutz,202001101126,,Gesundheits- und Umweltdepartement (GUD),ugzgfa,,,36,0_,";Geöffnet 24h._Behinderten-WC (Fr. 1.-- oder Eurokey), Multifunktions-WC (gratis)_",1,0,WC (rollstuhlgängig),ugz-zueriwc@zuerich.ch,Fritschiwiese (rollstuhlgängig mit EuroKey),,7360,n.a.,n.a.,n.a.,n.a.,n.a.,n.a.,n.a.,n.a.,n.a.,n.a.,n.a.,n.a.,n.a.,n.a.,Zürich,8003,wcr027,,1,Zypressenstrasse,"Toilette, Toiletten",+41 44 412 43 65,,https://www.stadt-zuerich.ch/gud/de/index/gesundheitsschutz/zueriwc.html,NULL;NULL;,NULL;NULL;,NULL;NULL;,Zypressenstrasse 36,https://online.fahrplan.zvv.ch/bin/query.exe/dn?L=vs_vbz&mobileframe&Z=Z%C3%BCrich%2C Zypressenstrasse 36,,3,Zypressenstrasse 36,24 h,"Behinderten-WC Fr. 1.-- oder Eurokey, Multifunktions-WC gratis",2 Multifunktions-WCs und Behinderten WC im ehemaligen Gerätelokal. Wickeltisch vorhanden.,POINT Z (2681102 1247893 0),47.376866,8.5125918
,Wasserwerkstrasse 89,,,,,Umwelt- und Gesundheitsschutz,202001101126,,Gesundheits- und Umweltdepartement (GUD),ugzgfa,,,89,0_,";Geöffnet 24h. Behinderten-WC ohne Eurokey von 6-22 Uhr (im Winter 20h)_Behinderten-WC (Fr. 1.-- oder Eurokey), Multifunktions-WC (gratis)_",1,0,WC (rollstuhlgängig),ugz-zueriwc@zuerich.ch,Lettenareal (rollstuhlgängig mit EuroKey),,7446,n.a.,n.a.,n.a.,n.a.,n.a.,n.a.,n.a.,n.a.,n.a.,n.a.,n.a.,n.a.,n.a.,n.a.,Zürich,8037,wcr102,,1,Wasserwerkstrasse,"Toilette, Toiletten",+41 44 412 43 65,,https://www.stadt-zuerich.ch/gud/de/index/gesundheitsschutz/zueriwc.html,NULL;NULL;,NULL;NULL;,NULL;NULL;,Wasserwerkstrasse 89,https://online.fahrplan.zvv.ch/bin/query.exe/dn?L=vs_vbz&mobileframe&Z=Z%C3%BCrich%2C Wasserwerkstrasse 89,,10,Wasserwerkstrasse 89 / Im Brückenpfeiler der Kornhausbrücke,"24h, Behinderten-WC ohne Eurokey von 06.00-22.00 im Winter bis 20.00 Uhr.","Behinderten-WC Fr. 1.-- oder Eurokey, Multifunktions-WC gratis","Multifunktions- und  Behinderten-WC mit Eurokey, Wickeltisch.",POINT Z (2682737 1248998 0),47.3866139,8.5343847
,Badenerstrasse 230,,,,,Umwelt- und Gesundheitsschutz,202001101126,,Gesundheits- und Umweltdepartement (GUD),ugzgfa,,,230,0_,";Geöffnet 24h._Behinderten-WC (Fr. 1.-- oder Eurokey), Multifunktions-WC (gratis)_",1,0,WC (rollstuhlgängig),ugz-zueriwc@zuerich.ch,Lochergut (rollstuhlgängig mit EuroKey),,7464,n.a.,n.a.,n.a.,n.a.,n.a.,n.a.,n.a.,n.a.,n.a.,n.a.,n.a.,n.a.,n.a.,n.a.,Zürich,8004,wcr040,,1,Badenerstrasse,"Toilette, Toiletten",+41 44 412 43 65,,https://www.stadt-zuerich.ch/gud/de/index/gesundheitsschutz/zueriwc.html,NULL;NULL;,NULL;NULL;,NULL;NULL;,Badenerstrasse 230,https://online.fahrplan.zvv.ch/bin/query.exe/dn?L=vs_vbz&mobileframe&Z=Z%C3%BCrich%2C Badenerstrasse 230,,4,Badenerstrasse 230,24h,"Behinderten-WC Fr. 1.-- oder Eurokey, Multifunktions-WC gratis","Multifunktions- und Behinderten WC, Wickeltisch.",POINT Z (2681483 1247759 0),47.3756625,8.5176506
,Seilergraben 76,,,,,Umwelt- und Gesundheitsschutz,202001101126,,Gesundheits- und Umweltdepartement (GUD),ugzgfa,,,76,0_,";Geöffnet 24h._Behinderten-WC (Fr. 1.-- oder Eurokey), Multifunktions-WC (gratis)_",1,0,WC (rollstuhlgängig),ugz-zueriwc@zuerich.ch,Central (rollstuhlgängig mit Eurokey),,7490,n.a.,n.a.,n.a.,n.a.,n.a.,n.a.,n.a.,n.a.,n.a.,n.a.,n.a.,n.a.,n.a.,n.a.,Zürich,8001,wcr001,,1,Seilergraben,"Toilette, Toiletten",+41 44 412 43 65,,https://www.stadt-zuerich.ch/gud/de/index/gesundheitsschutz/zueriwc.html,NULL;NULL;,NULL;NULL;,NULL;NULL;,Seilergraben 76,https://online.fahrplan.zvv.ch/bin/query.exe/dn?L=vs_vbz&mobileframe&Z=Z%C3%BCrich%2C Seilergraben 76,,1,Seilergraben 76 / Beim Aufgang zum Hirschengraben,24 h,"Behinderten-WC Fr. 1.-- oder Eurokey, Multifunktions-WC gratis","Multifunktions- und Behinderten-WC, Wickeltisch.",POINT Z (2683530 1247915 0),47.3767892,8.5447236
,Gessnerallee 17,,,,,Umwelt- und Gesundheitsschutz,202001101126,,Gesundheits- und Umweltdepartement (GUD),ugzgfa,,,17,0_,;Geöffnet während der Öffnungszeiten der Rio-Bar._Gebühr Fr. 1.-- oder Eurokey,1,0,WC (rollstuhlgängig),ugz-zueriwc@zuerich.ch,Gessnerallee (rollstuhlgängig mit Eurokey),,7491,n.a.,n.a.,n.a.,n.a.,n.a.,n.a.,n.a.,n.a.,n.a.,n.a.,n.a.,n.a.,n.a.,n.a.,Zürich,8001,wcr007,,1,Gessnerallee,,+41 44 412 43 65,,https://www.stadt-zuerich.ch/gud/de/index/gesundheitsschutz/zueriwc.html,NULL;NULL;,NULL;NULL;,NULL;NULL;,Gessnerallee 17,https://online.fahrplan.zvv.ch/bin/query.exe/dn?L=vs_vbz&mobileframe&Z=Z%C3%BCrich%2C Gessnerallee 17,,1,"Gessnerallee 17 / Rio Bar, Gessnerbrücke",Während der Öffnungszeiten der Rio Bar,Gebühr Fr. 1.-- oder Eurokey,"Öffentlich zugängliches Behinderten WC in der Bar Rio, Wickeltisch. ",POINT Z (2682851 1247850 0),47.3763279,8.5357679
,Mythenquai 19,,,,,Umwelt- und Gesundheitsschutz,202001101126,,Gesundheits- und Umweltdepartement (GUD),ugzgfa,,,19,0_,";Geöffnet 24h._Behinderten-WC (Fr. 1.-- oder Eurokey), Multifunktions-WC (gratis)_",1,0,WC (rollstuhlgängig),ugz-zueriwc@zuerich.ch,Hafen Enge (rollstuhlgängig mit EuroKey),,7555,n.a.,n.a.,n.a.,n.a.,n.a.,n.a.,n.a.,n.a.,n.a.,n.a.,n.a.,n.a.,n.a.,n.a.,Zürich,8002,wcr017,,1,Mythenquai,"Toilette, Toiletten",+41 44 412 43 65,,https://www.stadt-zuerich.ch/gud/de/index/gesundheitsschutz/zueriwc.html,NULL;NULL;,NULL;NULL;,NULL;NULL;,Mythenquai 19,https://online.fahrplan.zvv.ch/bin/query.exe/dn?L=vs_vbz&mobileframe&Z=Z%C3%BCrich%2C Mythenquai 19,,2,Mythenquai 19 / Beim Kiosk Hafen Enge,24 h,"Behinderten-WC Fr. 1.-- oder Eurokey, Multifunktions-WC gratis","2 Multifunktions- und Behinderten WC, Wickeltisch.",POINT Z (2682863 1246178 0),47.3612748,8.5355666
,Bederstrasse 110,,,,,Umwelt- und Gesundheitsschutz,202001101126,,Gesundheits- und Umweltdepartement (GUD),ugzgfa,,,110,0_,";Geöffnet 24h. Behinderten-WC ohne Eurokey von 06.00-22.00 Uhr._Behinderten-WC (Fr. 1.-- oder Eurokey), Multifunktions-WC (gratis)_",1,0,WC (rollstuhlgängig),ugz-zueriwc@zuerich.ch,Klopstockwiese (rollstuhlgängig mit EuroKey),,7556,n.a.,n.a.,n.a.,n.a.,n.a.,n.a.,n.a.,n.a.,n.a.,n.a.,n.a.,n.a.,n.a.,n.a.,Zürich,8002,wcr019,,1,Bederstrasse,"Toilette, Toiletten",+41 44 412 43 65,,https://www.stadt-zuerich.ch/gud/de/index/gesundheitsschutz/zueriwc.html,NULL;NULL;,NULL;NULL;,NULL;NULL;,Bederstrasse 110,https://online.fahrplan.zvv.ch/bin/query.exe/dn?L=vs_vbz&mobileframe&Z=Z%C3%BCrich%2C Bederstrasse 110,,2,Bederstrasse 110 / Klopstockwiese,24h. Behinderten-WC ohne Eurokey von 06.00-22.00 Uhr.,"Behinderten-WC Fr. 1.-- oder Eurokey, Multifunktions-WC gratis","Multifunktions- und Behinderten WC, Wickeltisch.",POINT Z (2682079 1246176 0),47.3613459,8.5251694
,Witikonerstrasse 2,,,,,Umwelt- und Gesundheitsschutz,202001101126,,Gesundheits- und Umweltdepartement (GUD),ugzgfa,,,2,0_,";Geöffnet 24h._Behinderten-WC (Fr. 1.-- oder Eurokey), Multifunktions-WC (gratis)_",1,0,WC (rollstuhlgängig),ugz-zueriwc@zuerich.ch,Klusplatz (rollstuhlgängig mit EuroKey),,7609,n.a.,n.a.,n.a.,n.a.,n.a.,n.a.,n.a.,n.a.,n.a.,n.a.,n.a.,n.a.,n.a.,n.a.,Zürich,8032,wcr058,,1,Witikonerstrasse,"Toilette, Toiletten",+41 44 412 43 65,,https://www.stadt-zuerich.ch/gud/de/index/gesundheitsschutz/zueriwc.html,NULL;NULL;,NULL;NULL;,NULL;NULL;,Witikonerstrasse 2,https://online.fahrplan.zvv.ch/bin/query.exe/dn?L=vs_vbz&mobileframe&Z=Z%C3%BCrich%2C Witikonerstrasse 2,,7,Witikonerstrasse 2 / Auf der Traminsel,24h,"Behinderten-WC Fr. 1.-- oder Eurokey, Multifunktions-WC gratis","Multifunktions- und Behinderten WC, Wickeltisch. Direkt an der Haltestelle.",POINT Z (2685191 1246517 0),47.3639872,8.5663836
,Kreuzplatz 11,,,,,Umwelt- und Gesundheitsschutz,202001101126,,Gesundheits- und Umweltdepartement (GUD),ugzgfa,,,11,0_,";Geöffnet 24h._Behinderten-WC (Fr. 1.-- oder Eurokey), Multifunktions-WC (gratis)_",1,0,WC (rollstuhlgängig),ugz-zueriwc@zuerich.ch,Kreuzplatz (rollstuhlgängig mit EuroKey),,7610,n.a.,n.a.,n.a.,n.a.,n.a.,n.a.,n.a.,n.a.,n.a.,n.a.,n.a.,n.a.,n.a.,n.a.,Zürich,8032,wcr059,,1,Kreuzplatz,"Toilette, Toiletten",+41 44 412 43 65,,https://www.stadt-zuerich.ch/gud/de/index/gesundheitsschutz/zueriwc.html,NULL;NULL;,NULL;NULL;,NULL;NULL;,Kreuzplatz 11,https://online.fahrplan.zvv.ch/bin/query.exe/dn?L=vs_vbz&mobileframe&Z=Z%C3%BCrich%2C Kreuzplatz 11,,7,Kreuzplatz 11 / Im Kioskgebäude,24 h,"Behinderten-WC Fr. 1.-- oder Eurokey, Multifunktions-WC gratis","2 Multifunktions- und ein Behinderten WC, Wickeltisch. Die Anlage befindet sich im denkmalgeschützten Gebäude in Mitten des Kreuzplatzes.",POINT Z (2684261 1246611 0),47.3649781,8.5541269
,Seefeldstrasse 103,,,,,Umwelt- und Gesundheitsschutz,202001101126,,Gesundheits- und Umweltdepartement (GUD),ugzgfa,,,103,0_,";Geöffnet 24h. Behinderten-WC ohne Eurokey von 06.00-22.00 Uhr._Behinderten-WC (Fr. 1.-- oder Eurokey), Multifunktions-WC (gratis)_",1,0,WC (rollstuhlgängig),ugz-zueriwc@zuerich.ch,Höschgasse - Seefeldstrasse (rollstuhlgängig mit Eurokey),,7624,n.a.,n.a.,n.a.,n.a.,n.a.,n.a.,n.a.,n.a.,n.a.,n.a.,n.a.,n.a.,n.a.,n.a.,Zürich,8008,wcr069,,1,Seefeldstrasse,"Toilette, Toiletten",+41 44 412 43 65,,https://www.stadt-zuerich.ch/gud/de/index/gesundheitsschutz/zueriwc.html,NULL;NULL;,NULL;NULL;,NULL;NULL;,Seefeldstrasse 103,https://online.fahrplan.zvv.ch/bin/query.exe/dn?L=vs_vbz&mobileframe&Z=Z%C3%BCrich%2C Seefeldstrasse 103,,8,Seefeldstrasse beim GZ Riesbach,"24 h, Behinderten-WC 06-22 Uhr, mit EuroKey 24h",Gebührenfrei. Behinderten-WC Fr. 1.--. oder Eurokey.,"Multifunktions- und Behinderten WC, Wickeltisch.",POINT Z (2684250 1245903 0),47.3585907,8.5538628
,Schaffhauserstrasse 150,,,,,Umwelt- und Gesundheitsschutz,202001101126,,Gesundheits- und Umweltdepartement (GUD),ugzgfa,,,150,0_,";Geöffnet 24h, Gebühr Fr. 1.-- oder Eurokey",1,0,WC (rollstuhlgängig),ugz-zueriwc@zuerich.ch,Milchbuck (rollstuhlgängig mit EuroKey),,7640,n.a.,n.a.,n.a.,n.a.,n.a.,n.a.,n.a.,n.a.,n.a.,n.a.,n.a.,n.a.,n.a.,n.a.,Zürich,8057,wcr053,,1,Schaffhauserstrasse,"Toilette, Toiletten",+41 44 412 43 65,,https://www.stadt-zuerich.ch/gud/de/index/gesundheitsschutz/zueriwc.html,NULL;NULL;,NULL;NULL;,NULL;NULL;,Schaffhauserstrasse 150,https://online.fahrplan.zvv.ch/bin/query.exe/dn?L=vs_vbz&mobileframe&Z=Z%C3%BCrich%2C Schaffhauserstrasse 150,,6,Schaffhauserstrasse 148 / Tramhaltestelle,24 h,Fr. 1.-- oder Eurokey,"Selbstreinigender WC Automat für Damen und Herren. Rollstuhlgängig mit automatischer Türe, Wikeltisch.",POINT Z (2683303 1250272 0),47.39726746437877,8.541550727756865
,Schaffhauserplatz 5,,,,,Umwelt- und Gesundheitsschutz,202001101126,,Gesundheits- und Umweltdepartement (GUD),ugzgfa,,,5,0_,";Geöffnet 24h, Gebühr Fr. 1.-- oder Eurokey",1,0,WC (rollstuhlgängig),ugz-zueriwc@zuerich.ch,Schaffhauserplatz (rollstuhlgängig mit EuroKey),,7641,n.a.,n.a.,n.a.,n.a.,n.a.,n.a.,n.a.,n.a.,n.a.,n.a.,n.a.,n.a.,n.a.,n.a.,Zürich,8006,wcr054,,1,Schaffhauserplatz,"Toilette, Toiletten",+41 44 412 43 65,,https://www.stadt-zuerich.ch/gud/de/index/gesundheitsschutz/zueriwc.html,NULL;NULL;,NULL;NULL;,NULL;NULL;,Schaffhauserplatz 5,https://online.fahrplan.zvv.ch/bin/query.exe/dn?L=vs_vbz&mobileframe&Z=Z%C3%BCrich%2C Schaffhauserplatz 5,,6,Schaffhauserplatz 5 / Bei der Einmündung Seminarstrasse,24h,Fr. 1.-- oder Eurokey,"Selbstreinigender WC Automat für Damen- und Herren. Rollstuhlgängig mit automatischer Türe, Wickeltisch.",POINT Z (2683035 1249576 0),47.391527369892,8.53838061376563
,Gloriastrasse 15a,,,,,Umwelt- und Gesundheitsschutz,202001101126,,Gesundheits- und Umweltdepartement (GUD),ugzgfa,,,15a,0_,";Geöffnet 24h._Behinderten-WC (Fr. 1.-- oder Eurokey), Multifunktions-WC (gratis)_",1,0,WC (rollstuhlgängig),ugz-zueriwc@zuerich.ch,Platte (rollstuhlgängig mit EuroKey),,7642,n.a.,n.a.,n.a.,n.a.,n.a.,n.a.,n.a.,n.a.,n.a.,n.a.,n.a.,n.a.,n.a.,n.a.,Zürich,8006,wcr060,,1,Gloriastrasse,"Toilette, Toiletten",+41 44 412 43 65,,https://www.stadt-zuerich.ch/gud/de/index/gesundheitsschutz/zueriwc.html,NULL;NULL;,NULL;NULL;,NULL;NULL;,Gloriastrasse 15a,https://online.fahrplan.zvv.ch/bin/query.exe/dn?L=vs_vbz&mobileframe&Z=Z%C3%BCrich%2C Gloriastrasse 15a,,7,Gloriastrasse 15a,24 h,"Behinderten-WC Fr. 1.-- oder Eurokey, Multifunktions-WC gratis","Multifunktions- und Behinderten-WC, Wickeltisch. ",POINT Z (2684063 1247711 0),47.3748899,8.5517075
,Rütistrasse 1,,,,,Umwelt- und Gesundheitsschutz,202001101126,,Gesundheits- und Umweltdepartement (GUD),ugzgfa,,,1,0_,";Geöffnet 24h, Gebühr Fr. 1.-- oder Eurokey",1,0,WC (rollstuhlgängig),ugz-zueriwc@zuerich.ch,Römerhof (rollstuhlgängig mit EuroKey),,7643,n.a.,n.a.,n.a.,n.a.,n.a.,n.a.,n.a.,n.a.,n.a.,n.a.,n.a.,n.a.,n.a.,n.a.,Zürich,8032,wcr061,,1,Rütistrasse,"Toilette, Toiletten",+41 44 412 43 65,,https://www.stadt-zuerich.ch/gud/de/index/gesundheitsschutz/zueriwc.html,NULL;NULL;,NULL;NULL;,NULL;NULL;,Rütistrasse 1,https://online.fahrplan.zvv.ch/bin/query.exe/dn?L=vs_vbz&mobileframe&Z=Z%C3%BCrich%2C R%C3%BCtistrasse 1,,7,Rütistrasse 1 / Ilgenstrasse,24 h,Fr. 1.-- oder Eurokey,"Selbstreinigender WC Automat für Damen- und Herren. Rollstuhlgängig mit automatischer Tür, Wickeltisch.",POINT Z (2684726 1247006 0),47.3684675,8.5603515
,Leutschenbachstrasse 71,,,,,Umwelt- und Gesundheitsschutz,202001101126,,Gesundheits- und Umweltdepartement (GUD),ugzgfa,,,71,0_,";Geöffnet 24h. Behinderten-WC ohne Eurokey von 06.00-22.00 Uhr._Behinderten-WC (nur mit Eurokey), Multifunktions-WC (gratis)_",1,0,WC (rollstuhlgängig),ugz-zueriwc@zuerich.ch,Leutschenpark (rollstuhlgängig mit Eurokey),,7654,n.a.,n.a.,n.a.,n.a.,n.a.,n.a.,n.a.,n.a.,n.a.,n.a.,n.a.,n.a.,n.a.,n.a.,Zürich,8050,wcr088,,1,Leutschenbachstrasse,"Toilette, Toiletten",+41 44 412 43 65,,https://www.stadt-zuerich.ch/gud/de/index/gesundheitsschutz/zueriwc.html,NULL;NULL;,NULL;NULL;,NULL;NULL;,Leutschenbachstrasse 71,https://online.fahrplan.zvv.ch/bin/query.exe/dn?L=vs_vbz&mobileframe&Z=Z%C3%BCrich%2C Leutschenbachstrasse 71,,11,Leutschenbachstrasse 71 / Im Leutschenpark,24 h,"Behinderten-WC Fr. 1.-- oder Eurokey, Multifunktions-WC gratis",Multifunktions- und Behinderten WC. Behinderten WC nur mit Eurokey zugänglich.,POINT Z (2684375 1252506 0),47.4180468,8.5566489
,Bellerivestrasse 150,,,,,Umwelt- und Gesundheitsschutz,202001101126,,Gesundheits- und Umweltdepartement (GUD),ugzgfa,,,150,0_,;Zurzeit im Umbau. Es steht ein prov. Container zur Verfügung. Eröffnung der neuen Anlage Sommer 2015.,1,0,WC (rollstuhlgängig),ugz-zueriwc@zuerich.ch,Zürichhorn (rollstuhlgängig mit EuroKey),,7655,n.a.,n.a.,n.a.,n.a.,n.a.,n.a.,n.a.,n.a.,n.a.,n.a.,n.a.,n.a.,n.a.,n.a.,Zürich,8008,wcr071,,1,Bellerivestrasse,"Toilette, Toiletten",+41 44 412 43 65,,https://www.stadt-zuerich.ch/gud/de/index/gesundheitsschutz/zueriwc.html,NULL;NULL;,NULL;NULL;,NULL;NULL;,Bellerivestrasse 150,https://online.fahrplan.zvv.ch/bin/query.exe/dn?L=vs_vbz&mobileframe&Z=Z%C3%BCrich%2C Bellerivestrasse 150,,8,Bellerivestrasse 150,"24h, März bis Oktober","Behinderten-WC Fr. 1.-- oder Eurokey, Multifunktions-WC gebührenfrei","3 Multifunktions- und ein Behinderten WC, Wickeltisch. Im Winter werden zwei MF-Kabinen geschlossen. ",POINT Z (2684162 1245409 0),47.3541653,8.5524864
,Lindenplatz 1,,,,,Umwelt- und Gesundheitsschutz,202001101126,,Gesundheits- und Umweltdepartement (GUD),ugzgfa,,,1,0_,";Geöffnet während der Betriebszeiten des Kiosks._Behinderten-WC 24 h zugänglich._Behinderten-WC Fr. 1.-- oder Eurokey, Damen- und Herren-WC gratis",1,0,WC (rollstuhlgängig),ugz-zueriwc@zuerich.ch,Lindenplatz (rollstuhlgängig mit EuroKey),,7657,n.a.,n.a.,n.a.,n.a.,n.a.,n.a.,n.a.,n.a.,n.a.,n.a.,n.a.,n.a.,n.a.,n.a.,Zürich,8048,wcr077,,1,Lindenplatz,"Toilette, Toiletten",+41 44 412 43 65,,https://www.stadt-zuerich.ch/gud/de/index/gesundheitsschutz/zueriwc.html,NULL;NULL;,NULL;NULL;,NULL;NULL;,Lindenplatz 1,https://online.fahrplan.zvv.ch/bin/query.exe/dn?L=vs_vbz&mobileframe&Z=Z%C3%BCrich%2C Lindenplatz 1,,9,Lindenplatz 1 / Kioskgebäude,Nachts geschlossen. Behinderten WC ganzjährig 24 Stunden geöffnet.,"Behinderten-WC Fr. 1.-- oder Eurokey, Damen- und Herren-WC gratis","Damen- und Herren WC, Behinderten WC, Pissoir. Nachts ist nur das Behinderten-WC zugänglich.",POINT Z (2679094 1249055 0),47.3876027,8.4861613
,Frankentalerstrasse 10,,,,,Umwelt- und Gesundheitsschutz,202001101126,,Gesundheits- und Umweltdepartement (GUD),ugzgfa,,,10,0_,;Geöffnet 24h. Gebührenfrei.,1,0,WC (rollstuhlgängig),ugz-zueriwc@zuerich.ch,Frankental (rollstuhlgängig ohne EuroKey),,7658,n.a.,n.a.,n.a.,n.a.,n.a.,n.a.,n.a.,n.a.,n.a.,n.a.,n.a.,n.a.,n.a.,n.a.,Zürich,8049,wcr079,,1,Frankentalerstrasse,"Toilette, Toiletten",+41 44 412 43 65,,https://www.stadt-zuerich.ch/gud/de/index/gesundheitsschutz/zueriwc.html,NULL;NULL;,NULL;NULL;,NULL;NULL;,Frankentalerstrasse 10,https://online.fahrplan.zvv.ch/bin/query.exe/dn?L=vs_vbz&mobileframe&Z=Z%C3%BCrich%2C Frankentalerstrasse 10,,10,Frankentalerstrasse 10 / Endstation VBZ Linie 13,24 h,Gebührenfrei,"Damen- und Herren WC, eine rollstuhlgängige Kabine, Pissoir.",POINT Z (2678693 1251044 0),47.4055275,8.4812365
,Limmattalstrasse 178,,,,,Umwelt- und Gesundheitsschutz,202001101126,,Gesundheits- und Umweltdepartement (GUD),ugzgfa,,,178,0_,;Geöffnet 24h. Gebührenfrei,1,0,WC (rollstuhlgängig),ugz-zueriwc@zuerich.ch,Meierhofplatz (rollstuhlgängig mit EuroKey),,7659,n.a.,n.a.,n.a.,n.a.,n.a.,n.a.,n.a.,n.a.,n.a.,n.a.,n.a.,n.a.,n.a.,n.a.,Zürich,8049,wcr080,,1,Limmattalstrasse,"Toilette, Toiletten",+41 44 412 43 65,,https://www.stadt-zuerich.ch/gud/de/index/gesundheitsschutz/zueriwc.html,NULL;NULL;,NULL;NULL;,NULL;NULL;,Limmattalstrasse 178,https://online.fahrplan.zvv.ch/bin/query.exe/dn?L=vs_vbz&mobileframe&Z=Z%C3%BCrich%2C Limmattalstrasse 178,,10,Limmattalstr. 178 / Gsteigstrasse.,24 Stunden geöffnet. Behinderten WC von 6.00-22.00 Uhr.,Geöffnet 24h. Behinderten-WC ohne Eurokey von 06.00-22.00 Uhr.,Das WC wurde umgebaut und präsentiert sich nun in bestem Zustand und behindertengerecht.,POINT Z (2680081 1250680 0),47.4021505,8.4995595
,Limmatquai 61,,,,,Umwelt- und Gesundheitsschutz,202001101126,,Gesundheits- und Umweltdepartement (GUD),ugzsta,,,61,0_,";Geöffnet 24h. Behinderten-WC ohne Eurokey von 06.00-22.00 Uhr._Behinderten-WC (Fr. 1.-- oder Eurokey), Multifunktions-WC (gratis)_",1,0,WC (rollstuhlgängig),ugz-zueriwc@zuerich.ch,Rathauswache (rollstuhlgängig mit EuroKey),,7660,n.a.,n.a.,n.a.,n.a.,n.a.,n.a.,n.a.,n.a.,n.a.,n.a.,n.a.,n.a.,n.a.,n.a.,Zürich,8001,wcr012,,1,Limmatquai,"Toilette, Toiletten",+41 44 412 43 65,,https://www.stadt-zuerich.ch/gud/de/index/gesundheitsschutz/zueriwc.html,NULL;NULL;,NULL;NULL;,NULL;NULL;,Limmatquai 61,https://online.fahrplan.zvv.ch/bin/query.exe/dn?L=vs_vbz&mobileframe&Z=Zürich%2C%20Limmatquai%2061,,1,Limmatquai 61,24 h,Gebührenfrei. Behinderten WC Fr. 1.-- oder Eurokey.,2 Multifunktions-WCs und 1 behindertengerechte Kabine. Hohe Frequenzen an zentraler Lage.,POINT Z (2683386 1247370 0),47.3719106,8.5425899
,Zürichbergstrasse 175,,,,,Umwelt- und Gesundheitsschutz,202001101126,,Gesundheits- und Umweltdepartement (GUD),ugzgfa,,,175,0_,";Geöffnet 24h. Behinderten-WC ohne Eurokey von 06.00-22.00 Uhr._Behinderten-WC (Fr. 1.-- oder Eurokey), Multifunktions-WC (gratis)_",1,0,WC (rollstuhlgängig),ugz-zueriwc@zuerich.ch,Allmend Fluntern - Zoo (Rollstuhlgängig mit Eurokey),,7674,n.a.,n.a.,n.a.,n.a.,n.a.,n.a.,n.a.,n.a.,n.a.,n.a.,n.a.,n.a.,n.a.,n.a.,Zürich,8044,wcr055,,1,Zürichbergstrasse,"Toilette, Toiletten",+41 44 412 43 65,,https://www.stadt-zuerich.ch/content/gud/de/index/gesundheit/gesundheitsschut_hygiene/zueriwc.html,NULL;NULL;,NULL;NULL;,NULL;NULL;,Zürichbergstrasse 175,https://online.fahrplan.zvv.ch/bin/query.exe/dn?L=vs_vbz&mobileframe&Z=Z%C3%BCrich%2C Z%C3%BCrichbergstrasse 175,,7,"Zürichbergstr. 175 / Endstation Zoo, Wartehalle","MF-WC 24 h, Behinderten-WC mit Eurokey 24h, mit Gebühr Fr. 1.-- 06.00-22.00 Uhr","Behinderten-WC (Fr. 1.-- oder Eurokey), Multifunktions-WC (gratis)",Multifunktions- und Behinderten WC. Das ZüriWC liegt an der Tramendhaltestelle Zoo.,POINT Z (2685550 1248503 0),47.3818219,8.5715506
,Zweierstrasse 149,,,,,Umwelt- und Gesundheitsschutz,202001101126,,Gesundheits- und Umweltdepartement (GUD),ugzgfa,,,149,0_,;Geöffnet 24h. Gebührenfrei,1,0,WC (rollstuhlgängig),ugz-zueriwc@zuerich.ch,Schmiede Wiedikon (rollstuhlgängig ohne EuroKey),,7759,n.a.,n.a.,n.a.,n.a.,n.a.,n.a.,n.a.,n.a.,n.a.,n.a.,n.a.,n.a.,n.a.,n.a.,Zürich,8003,wcr031,,1,Zweierstrasse,"Toilette, Toiletten",+41 44 412 43 65,,https://www.stadt-zuerich.ch/gud/de/index/gesundheitsschutz/zueriwc.html,NULL;NULL;,NULL;NULL;,NULL;NULL;,Zweierstrasse 149,https://online.fahrplan.zvv.ch/bin/query.exe/dn?L=vs_vbz&mobileframe&Z=Z%C3%BCrich%2C Zweierstrasse 149,,3,Zweierstrasse 149 / Beim Restaurant Falcone,24h,Gebührenfrei,"Kombiniertes Damen- und Herren WC, rollstuhlgängig, Pissoir. ",POINT Z (2681607 1247184 0),47.3703616,8.5190104
,Herzogenmühlestrasse 3,,,,,Umwelt- und Gesundheitsschutz,202001101126,,Gesundheits- und Umweltdepartement (GUD),ugzgfa,,,3,0_,";Geöffnet 24h._Behinderten-WC (Fr. 1.-- oder Eurokey), Multifunktions-WC (gratis)_",1,0,WC (rollstuhlgängig),ugz-zueriwc@zuerich.ch,Hirschen - Schwamendingen (rollstuhlgängig mit EuroKey),,7762,n.a.,n.a.,n.a.,n.a.,n.a.,n.a.,n.a.,n.a.,n.a.,n.a.,n.a.,n.a.,n.a.,n.a.,Zürich,8051,wcr093,,1,Herzogenmühlestrasse,"Toilette, Toiletten",+41 44 412 43 65,,https://www.stadt-zuerich.ch/gud/de/index/gesundheitsschutz/zueriwc.html,NULL;NULL;,NULL;NULL;,NULL;NULL;,Herzogenmühlestrasse 3,https://online.fahrplan.zvv.ch/bin/query.exe/dn?L=vs_vbz&mobileframe&Z=Z%C3%BCrich%2C Herzogenm%C3%BChlestrasse 3,,12,"Herzogenmühlestrasse 3, Schwamendingerplatz",24 h,"Behinderten-WC Fr. 1.-- oder Eurokey, Multifunktions-WC gratis","Multifunktions- und Behinderten-WC, Wickeltisch. Das WC liegt direkt am Schwamendingerplatz.",POINT Z (2685581 1251070 0),47.4048912,8.5724543
,Usteristrasse 6,,,,,Umwelt- und Gesundheitsschutz,202001101126,,Gesundheits- und Umweltdepartement (GUD),ugzgfa,,,6,0_,";Geöffnet 24h, Gebühr Fr. 1.-- oder Eurokey",1,0,WC (rollstuhlgängig),ugz-zueriwc@zuerich.ch,Pestalozzianlage (rollstuhlgängig mit EuroKey),,7763,n.a.,n.a.,n.a.,n.a.,n.a.,n.a.,n.a.,n.a.,n.a.,n.a.,n.a.,n.a.,n.a.,n.a.,Zürich,8001,wcr097,,1,Usteristrasse,"Toilette, Toiletten",+41 44 412 43 65,,https://www.stadt-zuerich.ch/gud/de/index/gesundheitsschutz/zueriwc.html,NULL;NULL;,NULL;NULL;,NULL;NULL;,Usteristrasse 6,https://online.fahrplan.zvv.ch/bin/query.exe/dn?L=vs_vbz&mobileframe&Z=Z%C3%BCrich%2C Usteristrasse 6,,1,"Usteristrasse 6 / Zwischen Globus, McDonalds und Lottokiosk",24 h,Fr. 1.-- oder Eurokey,"WC-Automat für Damen- und Herren. Rollstuhlgängig mit automatischer Türe, Wickeltisch. ",POINT Z (2683035 1247767 0),47.3755253,8.5381108
,Ottikerstrasse 64,,,,,Umwelt- und Gesundheitsschutz,202001101126,,Gesundheits- und Umweltdepartement (GUD),ugzgfa,,,64,0_,";Geöffnet 24h, Gebühr Fr. 1.-- oder Eurokey",1,0,WC (rollstuhlgängig),ugz-zueriwc@zuerich.ch,Rigiplatz (rollstuhlgängig mit EuroKey),,7795,n.a.,n.a.,n.a.,n.a.,n.a.,n.a.,n.a.,n.a.,n.a.,n.a.,n.a.,n.a.,n.a.,n.a.,¨Zürich,8006,wcr098,,1,Ottikerstrasse,"Toilette, Toiletten",+41 44 412 43 65,,https://www.stadt-zuerich.ch/gud/de/index/gesundheitsschutz/zueriwc.html,NULL;NULL;,NULL;NULL;,NULL;NULL;,Ottikerstrasse 64,https://online.fahrplan.zvv.ch/bin/query.exe/dn?L=vs_vbz&mobileframe&Z=Z%C3%BCrich%2C Ottikerstrasse 64,,6,Ottikerstrasse 64 / Ecke Cullmannstrasse,24 h,Fr. 1.-- oder Eurokey,"Selbstreinigender WC Automat für Damen- und Herren. Rollstuhlgängig mit automatischer Tür, Wickeltisch.",POINT Z (2683746 1248824 0),47.3849292,8.5477361
,Hardstrasse 17,,,,,Umwelt- und Gesundheitsschutz,202001101126,,Gesundheits- und Umweltdepartement (GUD),ugzsta,,,17,0_,";Geöffnet 24h. Behinderten-WC ohne Eurokey von 06.00-22.00 Uhr._Behinderten-WC (Fr. 1.-- oder Eurokey), Multifunktions-WC (gratis)_",1,0,WC (rollstuhlgängig),ugz-zueriwc@zuerich.ch,Hardaupark (Rollstuhlgängig mit EuroKey),,7796,n.a.,n.a.,n.a.,n.a.,n.a.,n.a.,n.a.,n.a.,n.a.,n.a.,n.a.,n.a.,n.a.,n.a.,Zürich,8004,wcr005,,1,Hardstrasse,"Toilette, Toiletten",+41 44 412 43 65,,https://www.stadt-zuerich.ch/gud/de/index/gesundheitsschutz/zueriwc.html,NULL;NULL;,NULL;NULL;,NULL;NULL;,Hardstrasse 17,https://online.fahrplan.zvv.ch/bin/query.exe/dn?L=vs_vbz&mobileframe&Z=Z%C3%BCrich%2C Hardstrasse 17,,4,Im neuen Hardaupark hinter dem Albisriederplatz,"24 h, Behinderten-WC 06-22 Uhr, mit EuroKey 24h","Behinderten-WC Fr. 1.-- oder Eurokey, Multifunktions-WC gratis","Multifunktions- und Behinderten WC, Wickeltisch.",POINT Z (2680904 1248204 0),47.377393189161204,8.50962507467881
,Rotwandstrasse 34,,,,,Umwelt- und Gesundheitsschutz,202001101126,,Gesundheits- und Umweltdepartement (GUD),ugzsta,,,34,0_,";Geöffnet 24h._Behinderten-WC (nur mit Eurokey), Multifunktions-WC (gratis)_",1,0,WC (rollstuhlgängig),ugz-zueriwc@zuerich.ch,Rotwandstrasse (rollstuhlgängig mit EuroKey),,7885,n.a.,n.a.,n.a.,n.a.,n.a.,n.a.,n.a.,n.a.,n.a.,n.a.,n.a.,n.a.,n.a.,n.a.,Zürich,8004,wcr043,,1,Rotwandstrasse,"Toilette, Toiletten",+41 44 412 43 65,,https://www.stadt-zuerich.ch/gud/de/index/gesundheitsschutz/zueriwc.html,NULL;NULL;,NULL;NULL;,NULL;NULL;,Rotwandstrasse 34,https://online.fahrplan.zvv.ch/bin/query.exe/dn?L=vs_vbz&mobileframe&Z=Zürich%2C%20Rotwandstrasse%2034,,4,Rotwandstrasse 34 / Eckke Stauffacherstrasse,24h. Behinderten-WC nur mit Eurokey,Gebührenfrei.,Multifunktions- und Behinderten-WC. Das Behinderten-WC ist nur mit Eurokey zugänglich.,POINT Z (2682264 1247679 0),47.374801,8.5279189
,Manessestrasse 51,,,,,Umwelt- und Gesundheitsschutz,202001101126,,Gesundheits- und Umweltdepartement (GUD),ugzgfa,,,51,0_,";Geöffnet 24h. Behinderten-WC ohne Eurokey von 06.00-22.00 Uhr._Behinderten-WC (Fr. 1.-- oder Eurokey), Multifunktions-WC (gratis)_",1,0,WC (rollstuhlgängig),ugz-zueriwc@zuerich.ch,Sihlhölzli (rollstuhlgängig mit Eurokey),,7897,n.a.,n.a.,n.a.,n.a.,n.a.,n.a.,n.a.,n.a.,n.a.,n.a.,n.a.,n.a.,n.a.,n.a.,Zürich,8003,wcr032,,1,Manessestrasse,"Toilette, Toiletten",+41 44 412 43 65,,https://www.stadt-zuerich.ch/gud/de/index/gesundheitsschutz/zueriwc.html,NULL;NULL;,NULL;NULL;,NULL;NULL;,Manessestrasse 51,https://online.fahrplan.zvv.ch/bin/query.exe/dn?L=vs_vbz&mobileframe&Z=Z%C3%BCrich%2C Manessestrasse 51,,3,Manessestrasse 51 / Beim Durchgang zum Hertersteg,24h,"Behinderten-WC Fr. 1.-- oder Eurokey, Multifunktions-WC gratis","Multifunktions- und Behinderten WC, Wickeltisch.",POINT Z (2681947 1246807 0),47.36921975486981,8.526112658994217
,Birmensdorferstrasse 509,,,,,Umwelt- und Gesundheitsschutz,202001101126,,Gesundheits- und Umweltdepartement (GUD),ugzgfa,,,509,0_,";Geöffnet 24h._Behinderten-WC (Fr. 1.-- oder Eurokey), Multifunktions-WC (gratis)_",1,0,WC (rollstuhlgängig),ugz-zueriwc@zuerich.ch,Triemli (rollstuhlgängig mit EuroKey),,7898,n.a.,n.a.,n.a.,n.a.,n.a.,n.a.,n.a.,n.a.,n.a.,n.a.,n.a.,n.a.,n.a.,n.a.,Zürich,8055,wcr033,,1,Birmensdorferstrasse,"Toilette, Toiletten",+41 44 412 43 65,,https://www.stadt-zuerich.ch/gud/de/index/gesundheitsschutz/zueriwc.html,NULL;NULL;,NULL;NULL;,NULL;NULL;,Birmensdorferstrasse 509,https://online.fahrplan.zvv.ch/bin/query.exe/dn?L=vs_vbz&mobileframe&Z=Z%C3%BCrich%2C Birmensdorferstrasse 509,,3,Birmensdorferstrasse 509 / Endstation Triemli auf der Traminsel,24h,"Behinderten-WC Fr. 1.-- oder Eurokey, Multifunktions-WC gratis","Multifunktions- und Behinderten WC, Wickeltisch.",POINT Z (2679818 1246878 0),47.3678892,8.4953426
,Josefstrasse 197,,,,,Umwelt- und Gesundheitsschutz,202001101126,,Gesundheits- und Umweltdepartement (GUD),ugzgfa,,,197,0_,";Geöffnet 24h. Behinderten-WC ohne Eurokey von 06.00-22.00 Uhr._Behinderten-WC (Fr. 1.-- oder Eurokey), Multifunktions-WC (gratis)_Zugang mit Rollstühl wegen Kies erschwert._",1,0,WC (rollstuhlgängig),ugz-zueriwc@zuerich.ch,Josefswiese (rollstuhlgängig mit Eurokey),,7926,n.a.,n.a.,n.a.,n.a.,n.a.,n.a.,n.a.,n.a.,n.a.,n.a.,n.a.,n.a.,n.a.,n.a.,Zürich,8005,wcr049,,1,Josefstrasse,"Toilette, Toiletten",+41 44 412 43 65,,https://www.stadt-zuerich.ch/gud/de/index/gesundheitsschutz/zueriwc.html,NULL;NULL;,NULL;NULL;,NULL;NULL;,Josefstrasse 197,https://online.fahrplan.zvv.ch/bin/query.exe/dn?L=vs_vbz&mobileframe&Z=Z%C3%BCrich%2C Josefstrasse 197,,5,Josefstrasse 197 / beim Bahnviadukt,24h. Reduzierter Winterbetrieb.,"Behinderten-WC Fr. 1.-- oder Eurokey, Multifunktions-WC gratis","Betreut vom Kiosk. 2 Multifunktions- und ein Behinderten WC, Wickeltisch. Zugang zum Behinderten WC durch Kiesvorplatz erschwert.",POINT Z (2681884 1248935 0),47.3861703,8.5230863
,Limmatplatz 3c,,,,,Umwelt- und Gesundheitsschutz,202001101126,,Gesundheits- und Umweltdepartement (GUD),ugzgfa,,,3c,0_,";Geöffnet 24h._Behinderten-WC (Fr. 1.-- oder Eurokey), Multifunktions-WC (gratis)_",1,0,WC (rollstuhlgängig),ugz-zueriwc@zuerich.ch,Limmatplatz (rollstuhlgängig mit EuroKey),,7927,n.a.,n.a.,n.a.,n.a.,n.a.,n.a.,n.a.,n.a.,n.a.,n.a.,n.a.,n.a.,n.a.,n.a.,Zürich,8005,wcr050,,1,Limmatplatz,"Toilette, Toiletten",+41 44 412 43 65,,https://www.stadt-zuerich.ch/gud/de/index/gesundheitsschutz/zueriwc.html,NULL;NULL;,NULL;NULL;,NULL;NULL;,Limmatplatz 3c,https://online.fahrplan.zvv.ch/bin/query.exe/dn?L=vs_vbz&mobileframe&Z=Z%C3%BCrich%2C Limmatplatz 3c,,5,Limmatplatz 3c / Auf der Traminsel,24h,"Behinderten-WC Fr. 1.-- oder Eurokey, Multifunktions-WC gratis","2 Multifunktions- und ein Behinderten WC, Wickeltisch.",POINT Z (2682541 1248778 0),47.3846704,8.53176
,Lutherstrasse 5 (erst.),,,,,Umwelt- und Gesundheitsschutz,202001101126,,Gesundheits- und Umweltdepartement (GUD),ugzsta,,,5,1_,Behinderten-WC;NULL,0,0,WC (rollstuhlgängig),ugz-zueriwc@zuerich.ch,Stauffacher (rollstuhlgängig mit Eurokey),,7928,n.a.,n.a.,n.a.,n.a.,n.a.,n.a.,n.a.,n.a.,n.a.,n.a.,n.a.,n.a.,n.a.,n.a.,Zürich,8004,wcr6098,,1,Lutherstrasse,"Toilette, Toiletten",+41 44 412 49 08,,https://www.stadt-zuerich.ch/gud/de/index/gesundheitsschutz/zueriwc.html,NULL;NULL;,NULL;NULL;,NULL;NULL;,Lutherstrasse 5 (erst.),https://online.fahrplan.zvv.ch/bin/query.exe/dn?L=vs_vbz&mobileframe&Z=Z%C3%BCrich%2C%20Lutherstrasse%205,,4,Stauffacher,24 h,Gebührenfrei. Behinderten WC Fr. 1.- oder Eurokey,Multifunktions- und Behinderten-WC,POINT Z (2682389 1247569 0),47.3738101,8.529521
,Hardaustrasse 2,,2,,,Umwelt- und Gesundheitsschutz,202001101126,,Gesundheits- und Umweltdepartement (GUD),ugzgfa,,,2,0_,";Geöffnet 24h, Gebühr Fr. 1.-- oder Eurokey",1,0,WC (rollstuhlgängig),ugz-zueriwc@zuerich.ch,Albisriederplatz (rollstuhlgängig mit EuroKey),,7937,n.a.,n.a.,n.a.,n.a.,n.a.,n.a.,n.a.,n.a.,n.a.,n.a.,n.a.,n.a.,n.a.,n.a.,Zürich,8003,wcr035,,1,Hardaustrasse,"Toilette, Toiletten",+41 44 412 43 65,,https://www.stadt-zuerich.ch/gud/de/index/gesundheitsschutz/zueriwc.html,NULL;NULL;,NULL;NULL;,NULL;NULL;,Hardaustrasse 2,https://online.fahrplan.zvv.ch/bin/query.exe/dn?L=vs_vbz&mobileframe&Z=Z%C3%BCrich%2C Hardaustrasse 2,,4,Hardaustrasse 2,24h,Eurokey oder Fr. 1.--,Selbstreinigender WC Automat für Damen- und Herren. Rollstuhlgängig mit automatischer Türe. Wickeltisch vorhanden.,POINT Z (2680909 1248009 0),47.3784083,8.5108372
,Hohlstrasse 91,,,,,Umwelt- und Gesundheitsschutz,202001101126,,Gesundheits- und Umweltdepartement (GUD),ugzsta,,,91,0_,;Geöffnet 24h._Behinderten-WC nur mit Eurokey._,1,0,WC (rollstuhlgängig),ugz-zueriwc@zuerich.ch,Bäckeranlage (rollstuhlgängig mit EuroKey),,7938,n.a.,n.a.,n.a.,n.a.,n.a.,n.a.,n.a.,n.a.,n.a.,n.a.,n.a.,n.a.,n.a.,n.a.,Zürich,8004,wcr036,,1,Hohlstrasse,"Toilette, Toiletten",+41 44 412 43 65,,https://www.stadt-zuerich.ch/gud/de/index/gesundheitsschutz/zueriwc.html,NULL;NULL;,NULL;NULL;,NULL;NULL;,Hohlstrasse 91,https://online.fahrplan.zvv.ch/bin/query.exe/dn?L=vs_vbz&mobileframe&Z=Zürich%2C%20Hohlstrasse%2091,,4,Hohlstrasse 91 / Ecke Feldstrasse,24h,"Behinderten-WC (nur Eurokey), Multifunktions-WC (gratis)",2 Multifunktions- und ein Behinderten-WC. Das Behinderten-WC ist wegen häufiger Sachbeschädigungen nur noch mit Eurokey zugänglich.,POINT Z (2681905 1248079 0),47.3784328,8.5231949
,Hardplatz 1 (eing.),,,Multifunktions- und Behinderten-WC,,Umwelt- und Gesundheitsschutz,202001101126,,Gesundheits- und Umweltdepartement (GUD),ugzsta,,,1,0_,;NULL,1,0,WC (rollstuhlgängig),ugz-zueriwc@zuerich.ch,Hardplatz (rollstuhlgängig mit Eurokey),,8075,n.a.,n.a.,n.a.,n.a.,n.a.,n.a.,n.a.,n.a.,n.a.,n.a.,n.a.,n.a.,n.a.,n.a.,Zürich,8004,wcr5698,,1,Hardplatz,"Toilette, Toiletten",+41 44 412 43 65,,https://www.stadt-zuerich.ch/gud/de/index/gesundheitsschutz/zueriwc.html,NULL;NULL;,NULL;NULL;,NULL;NULL;,Hardplatz 1 (eing.),https://online.fahrplan.zvv.ch/bin/query.exe/dn?L=vs_vbz&mobileframe&Z=Z%C3%BCrich%2C Hardplatz 1,,4,Hardplatz,24h,"Gebührenfrei, Behinderten WC mit Eurokey oder Fr. 1.--",Multifunktions- und Behinderten-WC,POINT Z (2681269 1248544 0),47.38203252557648,8.515573277026983
,Limmatstrasse 313,,,,,Umwelt- und Gesundheitsschutz,202001101126,,Gesundheits- und Umweltdepartement (GUD),ugzgfa,,,313,0_,";Behinderten-WC (Fr. 1.-- oder Eurokey), Multifunktions-WC (gratis)_",1,0,WC (rollstuhlgängig),ugz-zueriwc@zuerich.ch,Escher-Wyss-Platz (rollstuhlgängig mit Eurokey),,8228,n.a.,n.a.,n.a.,n.a.,n.a.,n.a.,n.a.,n.a.,n.a.,n.a.,n.a.,n.a.,n.a.,n.a.,Zürich,8005,wcr2888,,1,Limmatstrasse,"Toilette, Toiletten",+41 44 412 43 65,,https://www.stadt-zuerich.ch/gud/de/index/gesundheitsschutz/zueriwc.html,NULL;NULL;,NULL;NULL;,NULL;NULL;,Limmatstrasse 313,https://online.fahrplan.zvv.ch/bin/query.exe/dn?L=vs_vbz&mobileframe&Z=Z%C3%BCrich%2C Limmatstrasse 313,,5,Escher-Wyss-Platz bei der Tramhaltestelle stadteinwärts,"24 h, Behinderten WC mit Eurokey 24h, mit Gebühr 06.00-22.00 Uhr",Gebührenfrei. Behinderten-WC mit Eurokey oder Fr. 1.--.,Multifunktions- und Behinderten WC.,POINT Z (2681911 1249351 0),47.3898982,8.5235294
,Forchstrasse 263,,,"Geöffnet 24h. Behinderten-WC ohne Eurokey von 06.00-22.00 Uhr.<BR>Behinderten-WC (Fr. 1.-- oder Eurokey), Multifunktions-WC (gratis)<BR><BR>",,Umwelt- und Gesundheitsschutz,202001101126,,Gesundheits- und Umweltdepartement (GUD),ugzgfa,,,263,0_,";Geöffnet 24h. Behinderten-WC ohne Eurokey von 06.00 bis 22.00 Uhr. Behinderten-WC (1 Franken oder Eurokey), Multifunktions-WC (gratis).",1,0,WC (rollstuhlgängig),ugz-zueriwc@zuerich.ch,Burgwies (rollstuhlgängig mit Eurokey),,8262,n.a.,n.a.,n.a.,n.a.,n.a.,n.a.,n.a.,n.a.,n.a.,n.a.,n.a.,n.a.,n.a.,n.a.,Zürich,8032,wcr3628,,1,Forchstrasse,"Toilette, Toiletten, ZüriWC",+41 44 412 43 65,,https://www.stadt-zuerich.ch/gud/de/index/gesundheitsschutz/zueriwc.html,NULL;NULL;,NULL;NULL;,NULL;NULL;,Forchstrasse 263,https://online.fahrplan.zvv.ch/bin/query.exe/dn?L=vs_vbz&mobileframe&Z=Z%C3%BCrich%2C Forchstrasse 263,,7,Auf dem neu gestalteten Platz bei den Unterflur-Containern.,"Multifunktions-WC 24 h, Behinderten-WC mit Eurokey 24h, mit Gebühr Fr. 1.-- 06.00-22.00 Uhr","Behinderten-WC Fr. 1.-- oder Eurokey, Multifunktions-WC gratis","Multifunktions- und Behinderten WC, Wickeltisch.",POINT Z (2685609 1245888 0),47.35847753199972,8.571654081570616
,Birchstrasse 183e,,,,,Umwelt- und Gesundheitsschutz,202001101126,,Gesundheits- und Umweltdepartement (GUD),ugzgfa,,,183e,0_,";Geöffnet 24h. Behinderten-WC ohne Eurokey von 06.00-22.00 Uhr._Behinderten-WC (Fr. 1.-- oder Eurokey), Multifunktions-WC (gratis)_",1,0,WC (rollstuhlgängig),ugz-zueriwc@zuerich.ch,Oerlikerpark (rollstuhlgängig mit EuroKey),,8311,n.a.,n.a.,n.a.,n.a.,n.a.,n.a.,n.a.,n.a.,n.a.,n.a.,n.a.,n.a.,n.a.,n.a.,Zürich,8050,wcr010,,1,Birchstrasse,"Toilette, Toiletten",+41 44 412 43 65,,https://www.stadt-zuerich.ch/gud/de/index/gesundheitsschutz/zueriwc.html,NULL;NULL;,NULL;NULL;,NULL;NULL;,Birchstrasse 183e,https://online.fahrplan.zvv.ch/bin/query.exe/dn?L=vs_vbz&mobileframe&Z=Z%C3%BCrich%2C Birchstrasse 183e,,11,"Im Oerlikerpark, Birchstrasse 183e",Geöffnet 24h. Behinderten WC ohne Eurokey von 06.00-22.00 Uhr.,"Behinderten-WC Fr. 1.-- oder Eurokey, Multifunktions-WC gratis","Multifunktions- und Behinderten WC, Wickeltisch.",POINT Z (2682945 1252129 0),47.414769,8.5377052
,Gleisbogen 40,Gleisbogen 40,,,,Umwelt- und Gesundheitsschutz,202001101126,,Gesundheits- und Umweltdepartement (GUD),ugzgfa,,,40,0_,";Geöffnet 24h. Behinderten-WC ohne Eurokey von 06.00-22.00 Uhr._Behinderten-WC (Fr. 1.-- oder Eurokey), Multifunktions-WC (gratis)_",1,0,WC (rollstuhlgängig),ugz-zueriwc@zuerich.ch,Pfingstweid (rollstuhlgängig mit Eurokey),,8345,n.a.,n.a.,n.a.,n.a.,n.a.,n.a.,n.a.,n.a.,n.a.,n.a.,n.a.,n.a.,n.a.,n.a.,Zürich,8005,wcr3629,,1,Gleisbogen,"Toilette, Toiletten",+41 44 412 43 65,,https://www.stadt-zuerich.ch/gud/de/index/gesundheitsschutz/zueriwc.html,NULL;NULL;,NULL;NULL;,NULL;NULL;,Gleisbogen 40,https://online.fahrplan.zvv.ch/bin/query.exe/dn?L=vs_vbz&mobileframe&Z=Z%C3%BCrich%2C Gleisbogen 40,,5,Pfingstweid Park am Rande der Wiese.,"Multifunktions-WC 24 h, Behinderten-WC mit Eurokey 24h, mit Gebühr Fr. 1.-- 06.00-22.00 Uhr","Behinderten-WC Fr. 1.-- oder Eurokey, Multifunktions-WC gratis",Multifunktions- und Behinderten WC am Pfingstweid Park.,POINT Z (2681083 1249175 0),47.3883669,8.5127328
,Stampfenbachstrasse 130,,,,,Umwelt- und Gesundheitsschutz,202001101126,,Gesundheits- und Umweltdepartement (GUD),ugzgfa,,,130,0_,";Zugänglich während der Öffnungszeiten der Grünanlage._Nachts ist diese geschlossen._Behinderten-WC Fr. 1.-- oder Eurokey, Damen- und Herren-WC gratis._Wickeltisch_",1,0,WC (rollstuhlgängig),ugz-zueriwc@zuerich.ch,Beckenhof (Rollstuhlgängig mit Eurokey),,8356,n.a.,n.a.,n.a.,n.a.,n.a.,n.a.,n.a.,n.a.,n.a.,n.a.,n.a.,n.a.,n.a.,n.a.,Zürich,8006,wcr2251,,1,Stampfenbachstrasse,"Toilette, Toiletten",+41 44 412 43 65,,https://www.stadt-zuerich.ch/gud/de/index/gesundheitsschutz/zueriwc.html,NULL;NULL;,NULL;NULL;,NULL;NULL;,Stampfenbachstrasse 130,https://online.fahrplan.zvv.ch/bin/query.exe/dn?L=vs_vbz&mobileframe&Z=Z%C3%BCrich%2C Stampfenbachstrasse 130,,6,"Im Beckenhofpark, Stampfenbachstrasse 130",Nachts geschlossen.,"Behinderten-WC Fr. 1.-- oder Eurokey, Damen- und Herren-WC gratis","Multifunktions- und Behinderten WC. Das WC befindet sich im Park, welcher nachts geschlossen wird.",POINT Z (2683169 1248877 0),47.3854893,8.5401337
,Witikonerstrasse 299a,,,,,Umwelt- und Gesundheitsschutz,202001101126,,Gesundheits- und Umweltdepartement (GUD),ugzgfa,,,299a,0_,";Geöffnet 24h. Behinderten-WC ohne Eurokey von 06.00-22.00 Uhr._Behinderten-WC (Fr. 1.-- oder Eurokey), Multifunktions-WC (gratis)_",1,0,WC (rollstuhlgängig),ugz-zueriwc@zuerich.ch,Witikon Zentrum (rollstuhlgängig mit EuroKey),,8389,n.a.,n.a.,n.a.,n.a.,n.a.,n.a.,n.a.,n.a.,n.a.,n.a.,n.a.,n.a.,n.a.,n.a.,Zürich,8053,wcr2252,,1,Witikonerstrasse,"Toilette, Toiletten",+41 44 412 43 65,,https://www.stadt-zuerich.ch/gud/de/index/gesundheitsschutz/zueriwc.html,NULL;NULL;,NULL;NULL;,NULL;NULL;,Witikonerstrasse 299a,https://online.fahrplan.zvv.ch/bin/query.exe/dn?L=vs_vbz&mobileframe&Z=Z%C3%BCrich%2C Witikonerstrasse 299a,,7,Witikonerstrasse beim Einkaufszentrum Witikon,"MF-WC 24 h, Behinderten-WC mit Eurokey 24h, mit Gebühr Fr. 1.-- 06.00-22.00 Uhr","Behinderten-WC Fr. 1.-- oder Eurokey, Damen- und Herren-WC gratis","Multifunktions- und Behinderten-WC, Wickeltisch. ",POINT Z (2686719 1245918 0),47.3584392,8.5865349
,Bucheggplatz 1,,,,,Umwelt- und Gesundheitsschutz,202001101126,,Gesundheits- und Umweltdepartement (GUD),ugzgfa,,,1,0_,";Geöffnet 24h_Behinderten-WC Fr. 1.-- oder Eurokey, Damen- und Herren-WC gratis_",1,0,WC (rollstuhlgängig),ugz-zueriwc@zuerich.ch,Bucheggplatz (rollstuhlgängig mit EuroKey),,9739,n.a.,n.a.,n.a.,n.a.,n.a.,n.a.,n.a.,n.a.,n.a.,n.a.,n.a.,n.a.,n.a.,n.a.,Zürich,8057,wcr052,,1,Bucheggplatz,"Toilette, Toiletten",+41 44 412 43 65,,https://www.stadt-zuerich.ch/gud/de/index/gesundheitsschutz/zueriwc.html,NULL;NULL;,NULL;NULL;,NULL;NULL;,Bucheggplatz 1,https://online.fahrplan.zvv.ch/bin/query.exe/dn?L=vs_vbz&mobileframe&Z=Z%C3%BCrich%2C Bucheggplatz 1,,6,"Bucheggplatz 1 / Im Kioskgebäude, hinten.",24 h,"Behinderten-WC Fr. 1.-- oder Eurokey, Damen- und Herren-WC gratis.","Damen- und Herren WC, eine rollstuhlgängige Kabine, Pissoir.",POINT Z (2682615 1250270 0),47.398078,8.5329778
,Molkenstrasse 5,,,,,Umwelt- und Gesundheitsschutz,202001101126,,Gesundheits- und Umweltdepartement (GUD),ugzsta,,,5,1_,;NULL,1,0,WC (rollstuhlgängig),ugz-zueriwc@zuerich.ch,Helvetiaplatz,Behinderten-WC,9764,n.a.,n.a.,n.a.,n.a.,n.a.,closed,closed,n.a.,n.a.,n.a.,n.a.,n.a.,n.a.,n.a.,Zürich,8004,wcr7319,,1,Molkenstrasse,"WC, Toiletten",+41 44 412 43 65,,https://www.stadt-zuerich.ch/gud/de/index/gesundheitsschutz/zueriwc.html,NULL;NULL;,NULL;NULL;,NULL;NULL;,Molkenstrasse 5,https://online.fahrplan.zvv.ch/bin/query.exe/dn?L=vs_vbz&mobileframe&Z=Z%C3%BCrich%2C Molkenstrasse 5,,4,Helvetiaplatz Amtshaus,05:00 -20:00 mit Eurokey 24h,"Fr. 1.-, Eurokey Gratis","BF, Behinderten-WC",POINT Z (2682230 1247837 0),47.3762519,8.5273135
,Klausstrasse 2,,,,,Umwelt- und Gesundheitsschutz,202001101126,,Gesundheits- und Umweltdepartement (GUD),ugzsta,,,2,0_,;Geöffnet während der Öffnungszeiten des Restaurants._Gebührenfrei._Behinderten-WC (Fr. 1.-- oder Eurokey) 24 h.,1,0,WC (rollstuhlgängig),ugz-zueriwc@zuerich.ch,Hafen Riesbach (rollstuhlgängig mit EuroKey),,9802,n.a.,n.a.,n.a.,n.a.,n.a.,n.a.,n.a.,n.a.,n.a.,n.a.,n.a.,n.a.,n.a.,n.a.,Zürich,8008,wcr065,,1,Klausstrasse,"Toilette, Toiletten",+41 44 412 43 65,,https://www.stadt-zuerich.ch/gud/de/index/gesundheitsschutz/zueriwc.html,NULL;NULL;,NULL;NULL;,NULL;NULL;,Klausstrasse 2,https://online.fahrplan.zvv.ch/bin/query.exe/dn?L=vs_vbz&mobileframe&Z=Zürich%2C%20Klausstrasse%202,,8,Klausstrasse 2 / an der Uferpromenade,Während der Öffnungszeiten des Restaurants. Behinderten-WC 24h,"Behinderten-WC Fr. 1.-- oder Eurokey, Damen- und Herren-WC gratis","Damen- und Herren WC, Pissoir, Behinderten-WC, Wickeltisch. Das 2017 umgebaute WC ist bei schönem Wetter sehr stark frequentiert. Es ist auch das Gäste-WC des Restaurant Kiosk.",POINT Z (2683799 1245856 0),47.3581856,8.5478709
,Albisstrasse 45,,,,,Umwelt- und Gesundheitsschutz,202001101126,,Gesundheits- und Umweltdepartement (GUD),ugzgfa,,,45,0_,";Geöffnet 24h, Gebühr Fr. 1.-- oder Eurokey",1,0,WC (rollstuhlgängig),ugz-zueriwc@zuerich.ch,Morgental (rollstuhlgängig mit Eurokey),,10110,n.a.,n.a.,n.a.,n.a.,n.a.,n.a.,n.a.,n.a.,n.a.,n.a.,n.a.,n.a.,n.a.,n.a.,Zürich,8002,wcr008,,1,Albisstrasse,"Toilette, Toiletten",+41 44 412 43 65,,https://www.stadt-zuerich.ch/gud/de/index/gesundheitsschutz/zueriwc.html,NULL;NULL;,NULL;NULL;,NULL;NULL;,Albisstrasse 45,https://online.fahrplan.zvv.ch/bin/query.exe/dn?L=vs_vbz&mobileframe&Z=Z%C3%BCrich%2C Albisstrasse 45,,2,Albisstrasse bei 49 / vor der Kirche,24 h,Fr. 1.-- oder Eurokey,"Selbstreinigender WC Automat für Damen und Herren. Rollstuhlgängig mit automatischer Türe, Wickeltisch.",POINT Z (2682511 1244192 0),47.231526388195554,8.526613247992861
,Platzpromenade 1,,,,,Umwelt- und Gesundheitsschutz,202001101126,,Gesundheits- und Umweltdepartement (GUD),ugzgfa,,,1,0_,";Geöffnet 24h. Behinderten-WC ohne Eurokey von 06.00-22.00 Uhr._Behinderten-WC (Fr. 1.-- oder Eurokey), Multifunktions-WC (gratis)_",1,0,WC (rollstuhlgängig),ugz-zueriwc@zuerich.ch,Platzspitz - Walchebrücke (rollstuhlgängig mit EuroKey).,,10117,n.a.,n.a.,n.a.,n.a.,n.a.,n.a.,n.a.,n.a.,n.a.,n.a.,n.a.,n.a.,n.a.,n.a.,Zürich,8001,wcr004,,1,Platzpromenade,"Toilette, Toiletten",+41 44 412 43 65,,https://www.stadt-zuerich.ch/gud/de/index/gesundheitsschutz/zueriwc.html,NULL;NULL;,NULL;NULL;,NULL;NULL;,Platzpromenade 1,https://online.fahrplan.zvv.ch/bin/query.exe/dn?L=vs_vbz&mobileframe&Z=Z%C3%BCrich%2C Platzpromenade 1,,1,Walchebrücke beim Eingang in den Platzspitz-Park,24 h / Behinderten WC von 06.00-22.00,"Behinderten-WC Fr. 1.-- oder Eurokey, Multifunktions-WC gratis","Multifunktions- und Behinderten WC, Wickeltisch. Am Eingang zum Park bei der Schifflände des Limmatschiffs.",POINT Z (2683290 1248144 0),47.3788439,8.5415708
,Lindenhofstrasse 2,,,,,Umwelt- und Gesundheitsschutz,202001101126,,Gesundheits- und Umweltdepartement (GUD),ugzgfa,,,2,0_,";Geöffnet 24h. Behinderten-WC ohne Eurokey von 06.00-22.00 Uhr._Behinderten-WC (Fr. 1.-- oder Eurokey), Multifunktions-WC (gratis)_Das WC liegt an einer steilen Gasse._",1,0,WC (rollstuhlgängig),ugz-zueriwc@zuerich.ch,Urania (rollstuhlgängig mit Eurokey),,10118,n.a.,n.a.,n.a.,n.a.,n.a.,n.a.,n.a.,n.a.,n.a.,n.a.,n.a.,n.a.,n.a.,n.a.,Zürich,8001,wcr013,,1,Lindenhofstrasse,"Toilette, Toiletten",+41 44 412 43 65,,https://www.stadt-zuerich.ch/gud/de/index/gesundheitsschutz/zueriwc.html,NULL;NULL;,NULL;NULL;,NULL;NULL;,Lindenhofstrasse 2,https://online.fahrplan.zvv.ch/bin/query.exe/dn?L=vs_vbz&mobileframe&Z=Z%C3%BCrich%2C Lindenhofstrasse 2,,1,Lindenhofstrasse 2,24 h,"Behinderten-WC Fr. 1.-- oder Eurokey, Multifunktions-WC gratis","2 Multifunktions- und ein Behinderten WC, Wickeltisch. An steile Gasse gelegen.",POINT Z (2683243 1247542 0),47.3734586,8.5408749
,Bahnhofpassage 52u,,,,,Umwelt- und Gesundheitsschutz,202001101126,,Gesundheits- und Umweltdepartement (GUD),ugzgfa,,,52u,0_,";Anlage mit Personal_Geöffnet 06.30-21.45_Behinderten-WC während Öffnungszeiten ShopVille_Gebühr Fr. 1.--, Dusche Fr. 10.--",1,0,WC (rollstuhlgängig),ugz-zueriwc@zuerich.ch,Shopville (rollstuhlgängig mit EuroKey),,10158,n.a.,n.a.,n.a.,n.a.,n.a.,n.a.,n.a.,n.a.,n.a.,n.a.,n.a.,n.a.,n.a.,n.a.,Zürich,8001,wcr002,,1,Bahnhofpassage,"Toilette, Toiletten",+41 44 412 43 65,+41 44 211 66 74,https://www.stadt-zuerich.ch/gud/de/index/gesundheitsschutz/zueriwc.html,NULL;NULL;,NULL;NULL;,NULL;NULL;,Bahnhofpassage 52u,https://online.fahrplan.zvv.ch/bin/query.exe/dn?L=vs_vbz&mobileframe&Z=Z%C3%BCrich%2C Bahnhofpassage 52u,,1,Bahnhofpassage 52u / Im Shopville zwischen den Tramhaltestellen Bahnhofquai und Bahnhofstrasse,06.30 - 21.45 Uhr. Behinderten-WC während der Öffnung der Passage.,Fr. 1.-- oder Eurokey,"Bediente Anlage. Damen- und Herren WC, Behinderten WC, Dusche, Wickeltisch, Verkauf von Hygieneartikeln. ",POINT Z (2683265 1247953 0),47.3775091,8.5401738
,Hüttenkopfstrasse 85 (erst.),,,,,Umwelt- und Gesundheitsschutz,202001101126,,Gesundheits- und Umweltdepartement (GUD),ugzsta,,,85,"1_ZüriWC. Nebenan liegt die Waldhütte der Hubgenossenschaft Schwamendingen, die gemietet werden kann.",Behinderten-WC;ZüriWC. ,1,0,WC (rollstuhlgängig),ugz-zueriwc@zuerich.ch,Ziegelhütte,,10168,n.a.,n.a.,n.a.,n.a.,n.a.,n.a.,n.a.,n.a.,n.a.,n.a.,n.a.,n.a.,n.a.,n.a.,Zürich,8051,wcr7280,,1,Hüttenkopfstrasse,"WC, Toilette",+41 44 412 43 65,,https://www.stadt-zuerich.ch/gud/de/index/gesundheitsschutz/zueriwc.html,NULL;NULL;,NULL;NULL;,NULL;NULL;,Hüttenkopfstrasse 85 (erst.),https://online.fahrplan.zvv.ch/bin/query.exe/dn?L=vs_vbz&mobileframe&Z=Z%C3%BCrich%2C H%C3%BCttenkopfstrasse 85,,11,Spielplatz Ziegelhütte,24h,"Behinderten-WC Fr. 1/Eurokey, Multifunktions-WC gratis",1 Behinderten- und ein Multifunktions-WC.,POINT Z (2685712 1250362 0),47.3985134,8.5740721
,Bertastrasse 56 (erst.),,,,,Umwelt- und Gesundheitsschutz,202001101126,,Gesundheits- und Umweltdepartement (GUD),ugzsta,,,56,1_ZüriWC,Behinderten-WC;ZüriWC,1,0,WC (rollstuhlgängig),ugz-zueriwc@zuerich.ch,Aemtlerwiese (rollstuhlgängig mit EuroKey),,10169,n.a.,n.a.,n.a.,n.a.,n.a.,n.a.,n.a.,n.a.,n.a.,n.a.,n.a.,n.a.,n.a.,n.a.,Zürich,8003,wcr7281,,1,Bertastrasse,"WC, Toilette",+41 44 412 43 65,,https://www.stadt-zuerich.ch/gud/de/index/gesundheitsschutz/zueriwc.html,NULL;NULL;,NULL;NULL;,NULL;NULL;,Bertastrasse 56 (erst.),https://online.fahrplan.zvv.ch/bin/query.exe/dn?L=vs_vbz&mobileframe&Z=Z%C3%BCrich%2C Bertastrasse 56,,3,Aemtlerwiese,24h,"Behinderten-WC Fr. 1.-/Eurokey, MF-WC gratis",1 Behinderten- und ein Multifunktiuons-WC,POINT Z (2681031 1247547 0),47.3736696,8.5115192
,Hardstrasse 189,,,,,Umwelt- und Gesundheitsschutz,202001101126,,Gesundheits- und Umweltdepartement (GUD),ugzgfa,,,189,0_,";In der Bahnhofshalle beim Kiosk._Geöffnet 24h._Behinderten-WC (Fr. 1.-- oder Eurokey), Multifunktions-WC (gratis)_",1,0,WC (rollstuhlgängig),ugz-zueriwc@zuerich.ch,Bahnhof Hardbrücke (rollstuhlgängig mit EuroKey),,10206,n.a.,n.a.,n.a.,n.a.,n.a.,n.a.,n.a.,n.a.,n.a.,n.a.,n.a.,n.a.,n.a.,n.a.,Zürich,8005,wcr037,,1,Hardstrasse,"Toilette, Toiletten",+41 44 412 43 65,,https://www.stadt-zuerich.ch/gud/de/index/gesundheitsschutz/zueriwc.html,NULL;NULL;,NULL;NULL;,NULL;NULL;,Hardstrasse 189,https://online.fahrplan.zvv.ch/bin/query.exe/dn?L=vs_vbz&mobileframe&Z=Z%C3%BCrich%2C Hardstrasse 189,,5,Hardstrasse 189/ Im UG des Bahnhofs beim Kiosk,Während der Öffnungszeiten des Bahnhofs. Am Wochenende 24h,"Behinderten-WC Fr. 1.-- oder Eurokey, Multifunktions-WC gratis.","Multifunktions- und Behinderten WC, Wickeltisch. ",POINT Z (2681424 1248838 0),47.38614012397281,8.517562580179078
,Agnesstrasse 30,,,,,Umwelt- und Gesundheitsschutz,202001101126,,Gesundheits- und Umweltdepartement (GUD),ugzgfa,,,30,0_,";Geöffnet 24h. Behinderten-WC ohne Eurokey von 06.00-22.00 Uhr._Behinderten-WC (Fr. 1.-- oder Eurokey), Multifunktions-WC (gratis_Zufahrt mit Rollstuhl erschwert wegen Kies._",1,0,WC (rollstuhlgängig),ugz-zueriwc@zuerich.ch,Bullingerwiese (rollstuhlgängig mit EuroKey),,10207,n.a.,n.a.,n.a.,n.a.,n.a.,n.a.,n.a.,n.a.,n.a.,n.a.,n.a.,n.a.,n.a.,n.a.,Zürich,8004,wcr038,,1,Agnesstrasse,"Toilette, Toiletten",+41 44 412 43 65,,https://www.stadt-zuerich.ch/gud/de/index/gesundheitsschutz/zueriwc.html,NULL;NULL;,NULL;NULL;,NULL;NULL;,Agnesstrasse 30,https://online.fahrplan.zvv.ch/bin/query.exe/dn?L=vs_vbz&mobileframe&Z=Z%C3%BCrich%2C Agnesstrasse 30,,4,Agnesstrasse 30 / Im Hof der Überbauung Bullingerhof,24 h,"MF-WC 24 h, Behinderten-WC mit Eurokey 24h, mit Gebühr Fr. 1-- von 06.00-22.00 Uhr",Multifunktions- und Behinderten WC. Zufahrt mit Rollstuhl wegen Kies erschwert. Wickeltisch vorhanden.,POINT Z (2681190 1248077 0),47.37856,8.5138042
,Nansenstrasse 17,,,,,Umwelt- und Gesundheitsschutz,202001101126,,Gesundheits- und Umweltdepartement (GUD),ugzgfa,,,17,0_,";Geöffnet 24h._Behinderten-WC (Fr. 1.-- oder Eurokey), Multifunktions-WC (gratis)_",1,0,WC (rollstuhlgängig),ugz-zueriwc@zuerich.ch,Oerlikon Marktplatz (rollstuhlgängig mit EuroKey),,10247,n.a.,n.a.,n.a.,n.a.,n.a.,n.a.,n.a.,n.a.,n.a.,n.a.,n.a.,n.a.,n.a.,n.a.,Zürich,8050,wcr089,,1,Nansenstrasse,"Toilette, Toiletten",+41 44 412 43 65,,https://www.stadt-zuerich.ch/gud/de/index/gesundheitsschutz/zueriwc.html,NULL;NULL;,NULL;NULL;,NULL;NULL;,Nansenstrasse 17,https://online.fahrplan.zvv.ch/bin/query.exe/dn?L=vs_vbz&mobileframe&Z=Z%C3%BCrich%2C Nansenstrasse 17,,11,Nansenstrasse 17 / Auf dem Marktplatz,24 h,Fr. 1.-- oder Eurokey,"3 Multifunktions-WC, Behinderten-WC, Wickeltisch. Direkt am Marktplatz gelegen, stark frequentiert.",POINT Z (2683440 1251671 0),47.4105673,8.5442147
,Schaffhauserstrasse 503,,,,,Umwelt- und Gesundheitsschutz,202001101126,,Gesundheits- und Umweltdepartement (GUD),ugzgfa,,,503,0_,";Geöffnet 24h, Gebühr Fr. 1.-- oder Eurokey",1,0,WC (rollstuhlgängig),ugz-zueriwc@zuerich.ch,Seebach (rollstuhlgängig mit EuroKey),,10248,n.a.,n.a.,n.a.,n.a.,n.a.,n.a.,n.a.,n.a.,n.a.,n.a.,n.a.,n.a.,n.a.,n.a.,Zürich,8052,wcr090,,1,Schaffhauserstrasse,"Toilette, Toiletten",+41 44 412 43 65,,https://www.stadt-zuerich.ch/gud/de/index/gesundheitsschutz/zueriwc.html,NULL;NULL;,NULL;NULL;,NULL;NULL;,Schaffhauserstrasse 503,https://online.fahrplan.zvv.ch/bin/query.exe/dn?L=vs_vbz&mobileframe&Z=Z%C3%BCrich%2C Schaffhauserstrasse 503,,11,Schaffhauserstrasse 503 Endstation VBZ Linie 14.,24h,Fr. 1.-- oder Eurokey,"Selbstreinigender WC Automat für Damen- und Herren. Rollstuhlgängig mit automatischer Türe, Wickeltisch.",POINT Z (2683837 1252919 0),47.42163784162875,8.549800060082966
,Regensdorferstrasse 187,,,,,Umwelt- und Gesundheitsschutz,202001101126,,Gesundheits- und Umweltdepartement (GUD),ugzsta,,,187,1_,;Geöffnet 24h. Gebührenfrei,1,0,WC (rollstuhlgängig),ugz-zueriwc@zuerich.ch,Rütihof (rollstuhlgängig mit EuroKey),,10259,n.a.,n.a.,n.a.,n.a.,n.a.,n.a.,n.a.,n.a.,n.a.,n.a.,n.a.,n.a.,n.a.,n.a.,Zürich,8049,wcr7399,,1,Regensdorferstrasse,"Toilette, Toiletten",+41 44 412 43 65,,https://www.stadt-zuerich.ch/gud/de/index/gesundheitsschutz/zueriwc.html,NULL;NULL;,NULL;NULL;,NULL;NULL;,Regensdorferstrasse 187,https://online.fahrplan.zvv.ch/bin/query.exe/dn?L=vs_vbz&mobileframe&Z=Z%C3%BCrich%2C Regensdorferstrasse 187,nicht rollstuhlgängig,10,"Rütihof, Endhaltestelle Heizenholz","06:00-22:00 Uhr, Eurokey 24h",06:00-22:00 Gratis. Nachts 1.- oder Eurokey,Behindertengerechte Toilette,POINT Z (2678870 1251777 0),47.412257444926574,8.483638976100789
,Dübendorfstrasse 475,,,,,Umwelt- und Gesundheitsschutz,202001101126,,Gesundheits- und Umweltdepartement (GUD),ugzgfa,,,475,0_,";Geöffnet 24h. Behinderten-WC ohne Eurokey von 06.00-22.00 Uhr._Behinderten-WC (Fr. 1.-- oder Eurokey), Multifunktions-WC (gratis)_",1,0,WC (rollstuhlgängig),ugz-zueriwc@zuerich.ch,Stettbach (rollstuhlgängig mit EuroKey),,10301,n.a.,n.a.,n.a.,n.a.,n.a.,n.a.,n.a.,n.a.,n.a.,n.a.,n.a.,n.a.,n.a.,n.a.,Zürich,8051,wcr094,,1,Dübendorfstrasse,"Toilette, Toiletten",+41 44 412 43 65,,https://www.stadt-zuerich.ch/gud/de/index/gesundheitsschutz/zueriwc.html,NULL;NULL;,NULL;NULL;,NULL;NULL;,Dübendorfstrasse 475,https://online.fahrplan.zvv.ch/bin/query.exe/dn?L=vs_vbz&mobileframe&Z=Z%C3%BCrich%2C D%C3%BCbendorfstrasse 475,,12,Dübendorfstr. 475 / Endstation Tram 7 und 12,24 h,"Behinderten-WC Fr. 1.-- oder Eurokey, Multifunktions-WC gratis","2 Multifunktions- und ein Behinderten WC, Wickeltisch.",POINT Z (2687393 1250245 0),47.397322,8.5964063
,Waidbadstrasse 153,,,"Geöffnet 24h. Behinderten-WC ohne Eurokey von 06.00-22.00 Uhr.<BR>Behinderten-WC (Fr. 1.-- oder Eurokey)<BR>Zugänglichkeit Rollstuhl durch Naturoberfläche (Kies, Rasen) eingeschränkt.",,Umwelt- und Gesundheitsschutz,202001101126,,Gesundheits- und Umweltdepartement (GUD),ugzgfa,,,153,0_,";Geöffnet 24h. Behinderten-WC ohne Eurokey von 06.00-22.00 Uhr._Behinderten-WC (Fr. 1.-- oder Eurokey), Multifunktions-WC (gratis)_MF-WC nur März-Nov.",1,0,WC (rollstuhlgängig),ugz-zueriwc@zuerich.ch,Waidberg - Waldwiese (rollstuhlgängig mit EuroKey),,10302,n.a.,n.a.,n.a.,n.a.,n.a.,n.a.,n.a.,n.a.,n.a.,n.a.,n.a.,n.a.,n.a.,n.a.,Zürich,8037,wcr083,,1,Waidbadstrasse,"Toilette, Toiletten",+41 44 412 43 65,,https://www.stadt-zuerich.ch/gud/de/index/gesundheitsschutz/zueriwc.html,NULL;NULL;,NULL;NULL;,NULL;NULL;,Waidbadstrasse 153,https://online.fahrplan.zvv.ch/bin/query.exe/dn?L=vs_vbz&mobileframe&Z=Z%C3%BCrich%2C Waidbadstrasse 153,,10,"Waidbadstrasse 153, Spiel- und Grillplatz","Behinderten-WC ganzjährig 24 Stunden geöffnet (mit Gebühr oder Eurokey). Multifunktions-WC 24 Stunden, von März bis November.","Behinderten-WC (Fr. 1.-- oder Eurokey), Multifunktions-WC (gratis). Im Winter ist nur das Behinderten WC mit Gebühr oder Eurokey zugänglich.",Zugänglichkeit mit Rollstuhl durch Kies und Rasen erschwert.,POINT Z (2681298 1250809 0),47.40320543925388,8.516288648449136
,Werdinsel 10,,,,,Umwelt- und Gesundheitsschutz,202001101126,,Gesundheits- und Umweltdepartement (GUD),ugzgfa,,,10,0_,;Geöffnet 24 h. Gebührenfrei,1,0,WC (rollstuhlgängig),ugz-zueriwc@zuerich.ch,Werdinsel (rollstuhlgängig ohne EuroKey),,10303,n.a.,n.a.,n.a.,n.a.,n.a.,n.a.,n.a.,n.a.,n.a.,n.a.,n.a.,n.a.,n.a.,n.a.,Zürich,8049,wcr085,,1,Werdinsel,"Toilette, Toiletten",+41 44 412 43 65,,https://www.stadt-zuerich.ch/gud/de/index/gesundheitsschutz/zueriwc.html,NULL;NULL;,NULL;NULL;,NULL;NULL;,Werdinsel 10,https://online.fahrplan.zvv.ch/bin/query.exe/dn?L=vs_vbz&mobileframe&Z=Z%C3%BCrich%2C Werdinsel 10,,10,Werdinsel 10 / Pumpenhaus.,24 h,Gebührenfrei,"Damen- und Herren WC, rollstuhlgängig, Pissoir. Der Weg ins rollstuhlgängige WC führt über einen Absatz.",POINT Z (2679107 1250551 0),47.4010099,8.486567
,Hofwiesenstrasse 377,,,,,Umwelt- und Gesundheitsschutz,202001101126,,Gesundheits- und Umweltdepartement (GUD),poiadmin,,,377,0_,;Geöffnet 24h._Gebühr Fr. 1.--. Behinderten-WC nur mit Eurokey,1,0,WC (rollstuhlgängig),ugz-zueriwc@zuerich.ch,Bahnhof Oerlikon (rollstuhlgängig mit EuroKey),,10304,n.a.,n.a.,n.a.,n.a.,n.a.,n.a.,n.a.,n.a.,n.a.,n.a.,n.a.,n.a.,n.a.,n.a.,Zürich,8050,wcr086,,1,Hofwiesenstrasse,"Toilette, Toiletten",+44 41 412 43 65,,https://www.stadt-zuerich.ch/gud/de/index/gesundheitsschutz/zueriwc.html,NULL;NULL;,NULL;NULL;,NULL;NULL;,Hofwiesenstrasse 377,https://online.fahrplan.zvv.ch/bin/query.exe/dn?L=vs_vbz&mobileframe&Z=Z%C3%BCrich%2C Hofwiesenstrasse 377,,11,Hofwiesenstrasse 377,24 h,Gebühr Fr. 1.--. Behinderten-WC nur mit Eurokey,Kombiniertes Damen- und Herren WC im Bahnhof Oerlikon. Stark frequentiert. Behinderten-WC nur mit Eurokey. Ein weiteres WC befindet sich in der neuen Unterführung auf der anderen Seite des Bahnhofs.,POINT Z (2683475 1251791 0),47.4116858,8.544689
